PC1,PC2,PC3,PC4,PC5,PC6,PC7,PC8,PC9,PC10,PC11,PC12,PC13,PC14,PC15,PC16,PC17,PC18,PC19,PC20,PC21,PC22,PC23,PC24,PC25,PC26,PC27,PC28,PC29,PC30,PC31,PC32,PC33,PC34,PC35,PC36,PC37,PC38,PC39,PC40,PC41,PC42,PC43,PC44,PC45,PC46,PC47,PC48,PC49,PC50,PC51,PC52,PC53,PC54,PC55,PC56,PC57,PC58,PC59,PC60,PC61,PC62,PC63,PC64,PC65,PC66,PC67,PC68,PC69,PC70,PC71,PC72,PC73,PC74,PC75,PC76,PC77,PC78,PC79,PC80,PC81,PC82,PC83,PC84,PC85,label
90.23698123,-0.570843888,-23.96246229,9.031876503,-7.617706051,2.002107995,1.51026204,-1.917716328,1.596435737,-2.250097525,0.802125124,0.662528076,-0.272280567,-1.188064208,-0.136115753,0.99503144,-0.215190892,-0.179907715,-1.7611442480000001,-1.004701062,1.27597612,0.807294073,-0.473656715,0.9163626159999999,0.162378001,0.369856853,-0.340183202,0.5471862439999999,1.114331527,0.65091975,1.270187671,-1.648266121,-0.648083605,0.803572952,1.359341022,-0.351321428,-0.06308625400000001,-3.0341625430000003,0.40974485200000005,-0.31940579399999997,1.357918884,-0.42331431700000005,0.16833142399999998,-0.90071631,-0.909601793,-0.685829135,2.7727405660000004,-2.0034035869999998,-1.8299066480000001,2.584112372,-1.109737437,-1.330695535,0.874631802,-0.624240225,-0.61020063,0.518166111,-0.9421760840000001,-1.5867675330000002,-0.524761622,-0.07504094900000001,0.720324733,0.9109926620000001,-0.311723099,0.615427153,-0.9024256409999999,0.9981025859999999,-0.32243535100000004,-0.335515874,0.525651752,-0.426149493,0.926415082,-1.3425683990000001,-1.151132673,0.0015173979999999999,-0.6872125029999999,-1.0742316459999999,0.26656862800000003,0.798143665,-0.348757528,0.7625458979999999,-0.04869821,0.421296221,-0.20559059699999999,-0.115233061,0.735437832,-0.8802155
5.326365033,84.29030385,34.12880965,21.08237662,1.071126628,2.409911005,-1.8263666969999999,-0.164939523,-0.522185164,1.359862205,-1.513069519,1.3801330059999999,1.8460031590000001,3.724830502,-0.15762912,-0.637993909,-1.423477086,-0.293120537,-0.46292739200000005,-0.003955953,2.429516637,-0.639360643,-0.852689591,2.742452278,1.4655190880000002,1.0588810229999999,1.78461497,-0.34835794600000003,0.46003778700000003,-0.530742629,-1.61602235,-2.3769444180000003,-1.544678037,1.2455685859999999,1.885390149,-0.783143935,1.3218822159999999,-0.838889124,-0.41158754399999997,1.618255029,1.9577634680000002,-0.131402959,0.132503025,0.996560343,-1.88419155,-1.41921253,-1.297624851,-0.15291093,0.5419373470000001,0.009060634,0.59817739,-0.6335635239999999,1.231657405,0.125064242,1.259415325,0.266897051,-0.8612409209999999,-0.393202583,-0.877094631,0.550084355,-0.7048788709999999,0.775887744,0.097283597,0.050156056,0.290444176,-0.187034758,-0.248587224,0.00672455,-0.111629899,-1.196012452,-0.399180108,0.7262178020000001,1.019137699,-1.234232635,-0.422405869,0.26893953600000003,-0.01585951,-0.262393375,1.449630099,0.9335059990000001,0.497208938,0.374302522,-0.78979826,-0.651459541,-0.566508744,0.28450027
-2.39783317,-2.739742089,-4.242613262,3.9888525880000003,0.8157026709999999,-5.235233663,6.467282385,6.631377037999999,0.360397519,1.218977303,-3.454181821,1.33949994,8.481817069,-6.363375903,4.764031683,-10.61613324,-14.78888593,1.8084429119999998,11.80789515,7.0632767670000005,-31.97887233,-11.11470982,2.902171778,21.654717899999998,-6.38976191,-29.67225813,11.23282553,-7.298713972000001,-20.75668398,-2.952574058,33.40694844,-14.828276,-1.000330655,19.41499468,-4.246880954,20.44108993,-1.846595484,-21.70263765,-3.4136558810000004,-0.341188792,13.25898442,-10.29566057,-8.962176781,16.72621498,5.062191803999999,-9.68834393,-28.89012133,20.75873301,-4.136960929,7.269866607000001,-0.231967913,1.4066780419999998,3.0552432310000004,-4.6886753610000005,-1.80331452,13.92690258,-4.808594081,7.732074367999999,0.86288933,9.881974036,-4.488899818999999,2.9984715439999996,-1.2309636999999998,6.788354677,-12.41088767,-1.290549734,3.861573935,-2.47760625,1.8262006659999999,-7.6186228279999995,-1.473963004,0.987103273,4.233457587,7.363882543,0.569598571,-3.0789904139999997,-2.149422159,-5.794805082999999,-2.37268883,-9.238338726,5.8794042289999995,4.272269671,0.278147908,4.145349475,-5.062668329,-0.6234247
-3.1629383030000002,1.6514631419999999,-2.7273540439999997,0.200743029,-4.611734674,-0.511595207,-0.887013507,0.804687244,3.563196427,-7.340141852,-6.023125746,6.61335391,3.293310852,-9.159555697,1.025398912,-0.35531587200000003,-4.15386558,0.487580245,1.196158868,8.655559954,-4.137863365,-11.75752593,1.2836142990000001,4.83979923,4.834728898,1.53330617,-2.970682538,1.3216139390000001,0.071615815,1.515624251,-19.10871955,-5.810157462,8.51217304,-3.040017376,-17.88140382,4.988769963,-1.627555022,9.592558267000001,-5.489286097999999,-0.416760376,0.833503777,12.19517022,-0.8286558279999999,-7.625926186,3.125622447,10.27536234,5.238046326,10.49981571,11.21812865,-2.7673318960000004,-19.92255176,0.736835919,-12.73418553,-15.89892855,8.979121327,33.5582475,-2.6656740290000003,5.867117433,-2.164912777,-7.973740542000001,-6.703244562,9.79608986,30.47579433,8.945125721,0.17580221899999998,0.534329615,-6.221972077999999,13.04410959,-2.63094064,-8.103343074,27.11826771,7.766090155,-0.9520483340000001,13.77173586,-5.788203332999999,3.555842795,-4.400275583,30.47928186,-16.73795242,-12.44155276,-10.65392793,1.25954159,1.616966945,-5.979177391,13.39350408,0.4163655
-1.920951256,1.86791186,-1.4059177330000001,-7.496399441,1.954570514,-5.293633562,-1.4652242659999999,-4.192969925,1.6701147180000002,4.974794534,6.3339513179999996,-3.231808243,-2.8303371910000004,2.373826211,-4.083814435,-0.32502489,3.284781887,-2.308338163,1.119131712,1.4460858140000001,-0.06382279,7.054927423,3.300350908,-2.292715736,-7.5789988589999995,-0.328088312,-2.632189157,0.16028336699999998,2.679096122,-2.892155162,5.392624077000001,-1.790110064,7.576655954,-11.62327219,-1.518253645,6.234351275,2.8692111989999995,-8.904780759,7.483068182,0.131494143,-10.55517823,2.635430601,-4.043069317,-4.508010515,-6.355399529,-0.634247636,3.3780597269999997,-2.8047657139999997,2.260993757,9.351194672,-12.45937491,-13.18750669,-3.5534965639999996,-16.28892995,-13.72738241,0.504785695,12.05334326,12.17556487,14.70734016,3.4903191039999997,-19.14954235,6.575355162,4.484997388,-0.5008654889999999,-1.0918004270000001,7.232495602,10.19982478,-15.94663961,-5.491379962999999,-18.31820848,-3.9709509260000004,-25.93255765,17.77907962,-22.67551954,10.11801474,12.98359974,6.185037762,1.237845584,14.478315499999999,-5.738177359,18.20732805,-4.753120782,30.16415928,1.2700569940000002,0.867937478,-0.6657518
-5.659466329,-8.265581136,-1.909666663,10.39520924,6.150846897999999,5.17144418,7.818915437999999,-11.84262482,8.569482784,8.587618094,4.400037243,2.5696346969999997,15.98792202,11.11695647,1.813999879,21.00847747,-16.49483785,-22.56313009,-49.4289046,17.66210051,41.25754775,-26.28963533,-1.031555421,7.948830374,8.454941202,-12.54891008,-28.63073745,-18.80907048,-0.728902635,20.29223599,1.8476000730000002,-9.187312967999999,8.497531329,5.871471704,4.58986593,7.406864301000001,-2.2623438,4.627636132,-4.276567205,-15.67381919,0.033399889,-4.475785032,-7.817164908,7.903869077,-1.710779399,-8.018214577,-3.580277006,7.6116295439999995,1.80289567,-4.854705298,-5.854501387000001,3.424310077,5.7873156429999995,4.438996833,2.05969993,-7.924851497000001,1.4406775719999998,0.099658098,-0.218275114,5.795711732999999,-3.0590115539999996,0.525321575,-1.058652297,3.604073758,-2.459232613,4.6112346230000005,-3.016731825,-2.220444666,-1.22232441,3.260055294,0.639168575,2.777276495,1.518046435,-1.077864592,2.936772496,-0.60879611,6.593741109,-0.309823603,-3.6106188710000002,-0.966437129,5.181483851,-3.3022732639999997,2.132198672,1.462758901,-2.265684229,-0.39772522
-3.166630245,-0.215592755,-0.856709956,-10.05408313,-1.483582195,-4.023386943,0.421795417,2.2886517509999997,2.6563279669999997,-0.15578639,-4.0383506780000005,-0.890754267,-3.5833625089999996,5.494367137999999,-4.303337523,3.045276673,3.2557682860000003,-5.805264585,-6.164384716,4.032000928,-3.6956875589999996,10.31129194,-7.35180791,14.88544901,-4.141683582,-6.715126709,4.9038710089999995,-11.75769649,8.107114725,-8.851852511,6.5637807210000005,-0.551999632,2.1671830919999997,-24.33488753,-0.234605917,6.158627455,-1.8934108319999998,15.30351502,16.33218321,1.247904924,17.20794884,1.743290561,4.682893704,-14.45029152,-10.63301461,-1.038630227,5.470629538,6.376522243999999,-3.840969484,-10.24723223,-16.59366215,-1.6181301819999998,-3.004210217,-4.696415019,-12.82345942,9.841579549,0.105421605,-18.61728941,-4.753998796,29.40161091,-6.060715592,-10.07286221,-12.00313762,-15.94168198,2.484105869,-4.082945533999999,-2.345455961,-0.538471512,3.278912845,-3.299662487,7.188572538,5.4727822989999995,-8.827714602999999,-14.309237300000001,-1.503952212,-5.664199872,-4.296490517,10.83025517,27.09034573,-7.624558098,-7.159930587000001,-2.338721973,-16.27313464,15.38702384,-13.67717525,-0.23815444
-5.780861915,-2.260956272,-3.2741516269999997,-4.481350127,-4.890759687,-1.149923681,1.215108494,0.166120001,17.9671258,0.7176873709999999,0.5341633929999999,3.200673855,-2.101218452,-2.543725893,-1.021146737,1.006686264,-7.023030191,2.254460093,-2.857561239,-1.061010194,-4.6321954739999995,11.52014223,-4.372278624,-2.205057022,-4.929814452,-7.273404436,-3.8162362510000003,-0.5427486,-11.44796288,-1.033869028,-13.67413305,2.3780516119999997,6.987360258,-7.559331967,-2.217772407,8.266027153,-15.18473376,-10.88921454,-16.46016371,20.03379145,3.934838482,1.191794227,8.949373827999999,9.877130193,-12.58453067,-1.4657790019999999,3.472389399,-1.373163621,-6.545467668,13.90364336,4.318625187,9.031128731,21.58061496,-7.597027645,22.07425483,-13.00130786,-22.30961689,-5.2965871689999995,-2.368946848,5.277083108,-5.927694625,4.057592748999999,-1.240352329,-5.411367997999999,31.41155852,-5.42346615,-7.718055024,3.542986631,27.83984465,-15.85923458,10.87953198,-0.47150717299999995,-3.750648309,-18.77205101,5.514277756,3.988009917,15.53996638,11.29894855,-2.610213018,2.920187869,6.42914031,-2.415642654,13.43046209,-15.68137336,0.66971139,0.41225466
-1.120596446,0.348427815,-0.7985486159999999,-0.46635158,-1.574153634,-4.605910048,-3.4165234489999996,-2.613862751,8.827879906,-1.133820268,2.49695838,3.037405042,-2.944979306,-0.228925997,0.8089874770000001,-3.3908243789999997,-4.532047863,2.118031674,-0.5129560999999999,-7.918421378,-6.413888652000001,4.538448579,-1.318808598,-5.404518332,0.940853333,0.858666039,-3.4974373130000003,-5.222929859,-12.44937518,1.7616704319999998,-3.543582677,-5.43673257,-7.463730842,0.17092982899999998,-7.849734122999999,4.316208663,-15.09824769,2.181802058,3.1462370219999998,13.88564402,-2.03066065,-2.456733575,1.63520423,-1.6257477519999999,-10.14687662,3.787137207,-9.059872264,6.6171763210000005,-20.68460189,-21.95292737,-7.204199357,-14.07083106,-4.55759059,14.44343387,-11.27415162,-4.955695477,9.558503269,-0.16688453,39.70332588,-21.71823314,-5.2787287460000005,-4.815390197,-16.17016363,-4.8377382419999995,-7.4916619529999995,22.11261663,-30.09964263,1.692621745,2.376160697,6.652158667,4.106311995,14.85698033,4.825761201000001,-1.103089205,14.27512261,-20.00539102,-10.60698384,11.47931478,-1.656925908,-2.461967655,8.139098776,-17.26016411,-5.094954101,-15.78110774,2.900955081,-0.92037237
-1.377561205,1.565979089,1.3433860180000001,-6.782269576,2.9133988060000005,-3.918822982,0.16279501400000002,2.8170858869999997,5.668919411,-4.338949325,1.5454157240000002,-1.831431974,-6.7038469329999995,-0.006989285,-2.327127193,-6.979522362999999,-2.546586926,-2.3579634780000003,-0.856284466,0.432966835,-4.589503513,5.221276936000001,-1.623513404,4.684670231,10.63944878,4.760548893,6.600714568,-4.060937592,-0.454172636,10.640869,-5.121812404,1.6712570480000002,0.5880136739999999,-14.27346968,6.889037667,-8.06223917,-6.822568362,10.39915902,14.96942434,3.723950358,-10.8607069,-11.47000779,-10.69842917,-14.61398113,-1.4724085219999998,4.467118566,-6.589303083,-2.943854537,-5.026169051,4.873247242,-12.06285734,6.700873907,2.117127974,10.61406087,-10.04227604,5.858470911,-11.58555235,20.98348543,3.20905086,-3.9014310930000002,-11.55789564,15.63978116,-5.559865446,19.06578463,-4.9457103469999995,-8.147986397,5.143022949,-10.41832397,-12.51425047,3.710210804,15.3544682,-19.184044699999998,-1.44889569,24.92732958,10.91804728,3.8659212419999998,28.32942961,-11.40276143,-7.771676604,11.75621665,-12.29225415,-15.63202049,3.74057328,-7.195575162000001,-13.31199787,0.8548767
3.416925473,-4.9925061710000005,-2.225190741,2.0252180269999998,80.82117964,55.58799652,-10.33919344,23.18849896,-4.739476794,-12.35730505,-13.54743339,11.30614305,-23.03564085,-19.7419854,1.469089916,-0.966774789,-9.439386111000001,-8.678362046,-8.737552842000001,-10.11679671,1.360369635,2.676510107,-4.580857911,2.43104902,-2.297705701,-2.443848532,0.5269576260000001,3.964961036,-4.575947023,-2.563850451,3.577105412,-1.55357672,-0.40782015299999996,-1.565636829,4.182484013,-0.182132364,1.404637177,-3.977979455,-1.969551162,1.7901144690000002,-3.676352072,-0.8258726120000001,-0.115471474,-2.1995299580000003,-0.63569712,3.605177648,1.665045739,-1.9444678830000002,-0.827926052,-1.9318743390000002,2.144243676,-2.8800884260000004,0.120395234,-0.055956765,-0.042998275,4.433635608,-2.2521902959999998,-3.023227471,1.5148732790000001,-0.519816071,2.145021295,3.406409758,-0.148233984,-3.669919852,0.50452423,0.083756195,-1.188922534,-0.34664476,2.220050084,-0.46166996899999996,-1.331742505,-3.550949728,0.5879334860000001,-2.564439048,-3.615452113,-0.310519202,-0.99707076,0.259410133,-0.021520904,-1.031180248,-1.3985612090000001,-2.7089933289999997,-0.033457527,2.092358236,4.108895874,0.88821566
-0.085800315,3.1975829819999997,0.221847815,-4.876405232,2.66697509,-2.915314884,14.80719174,10.31761036,-9.847024599,0.433448093,4.459093117,-4.941739372,7.48038421,-3.959729535,2.9798706569999998,-1.8584768130000002,-6.734003935,-18.24215119,-8.175051708,4.747294295,-16.5412934,-12.20128878,-7.456545243,-15.31010774,-5.06241656,33.96683474,0.38360933,16.78573244,16.29357911,-2.842912035,1.4860682319999998,16.88364995,13.60210599,-16.39468899,-0.6410134820000001,3.5753281830000003,-4.735406236,-7.741549627,-4.218530315,-14.45814529,1.138956082,-14.38341662,1.492317389,23.67555142,9.659083361,9.437031765,2.8734137669999997,0.754904912,13.67452727,27.20769612,-4.5344462960000005,-1.930425531,9.070300471,2.432633391,-4.2604525330000005,-0.91207199,-10.10392115,11.4410375,28.98016713,11.21551854,9.104482808,-19.5499752,7.010092612999999,-4.76472388,5.815969454,1.3027263059999998,-12.34571961,-5.526346427999999,-8.377277158,4.034031141,-5.354665651,4.58355317,3.43871859,11.89567939,-0.215629408,0.574202286,-3.458050805,0.45397754,3.147153175,-15.03211193,8.109068312,-3.373920263,-8.938995431,-1.8288967619999998,-5.8696029460000005,-0.37632206
-4.963044202,0.46606987299999997,-5.29932525,-6.099297893999999,-12.84955498,-7.078555561,1.420950076,10.51587262,9.885492592,5.4582999139999995,-9.679702195,5.05422707,0.856530316,-2.962707883,2.235254535,10.51825777,-5.616862897000001,-14.15822895,-4.1590953189999995,-5.857823106000001,1.515642034,-5.143420759,-2.7060801889999997,13.66413361,2.321057,-6.560078728,2.045318906,29.38371388,-14.44585611,-23.44177988,-26.62263263,-29.48157794,8.013793922,3.41678413,16.13092981,13.52973718,-3.48307087,-12.63666907,-6.373140032,1.365947641,-5.293772998000001,11.06690697,3.177393037,-12.97967606,1.693283096,7.80497807,-2.543671851,-9.877014019,-1.886682175,4.226336137,-16.58808208,-2.8978090219999997,-12.67854472,13.35089718,0.609256166,-2.0773729530000002,24.09035507,4.737587535,-7.418912418,2.636760086,12.01152727,-6.9725368329999995,-2.2460638580000003,-21.40717407,5.842427208999999,-10.31476186,-8.105630788,-16.22071893,-4.323368085,-6.0264723579999995,-13.84483738,-1.690424029,5.259188437,12.75708846,-12.10567692,3.7835716589999997,-10.57706042,-5.6740951289999995,-5.892781601,7.563494887999999,-3.953871851,-8.257118289,6.773708285,6.155685069,1.3525322780000002,1.3252876
0.47767634200000003,-1.249213599,-0.194421437,-3.1143290739999996,8.185304742000001,-14.79950123,-3.146588748,-4.07903825,-0.758568329,0.448849303,4.77320765,6.443210443,-5.214195049,-5.379613238999999,7.762152799999999,-4.399560255,6.519829515,-3.616248143,-2.342827619,-8.839494153,5.066345934,1.557285765,12.85159552,-10.70947494,-3.0918514239999997,1.046421578,-6.1912603,-0.958832556,-3.44641624,6.32751365,-0.047006636,-7.327869914,2.8778664810000003,-6.903954444,12.96684772,-0.115590813,-11.60982815,-5.231741633,9.607090065,11.118806300000001,2.125134212,0.8476181740000001,-0.962368832,-12.67124147,5.01631217,-10.49475047,1.468350019,-1.697727936,8.15506061,-3.056635278,-1.334902489,11.79738001,-3.3985327180000002,-7.095972519,25.76004634,5.772973142000001,0.641822576,4.109230312,-0.404005943,7.17506088,5.568516562,-1.7031926480000001,-7.365698322999999,3.355769792,13.32301186,22.82203835,10.35976514,10.879072500000001,15.50650102,-7.3782051410000005,-10.317413,-7.443742031,8.705723126,25.21118965,-3.301625314,14.43346373,-11.43180763,7.034009861,2.831928842,-11.56377743,13.35427526,5.681428177999999,-27.12022185,-5.682591363999999,-29.54110589,-1.3891504
0.369551201,1.3404075770000001,1.335746626,-11.18616941,2.479699798,-11.80692546,3.696286316,-0.9071239259999999,0.6413097560000001,-9.665217155,4.873046633,-3.755547946,-3.443677152,-7.644046502999999,4.317091146,-9.961722424,13.78741888,7.620151197999999,3.218824479,-2.9204250519999997,0.338746885,-14.1381701,3.526507905,14.78855637,7.238446872999999,-0.915244849,-4.062137186,5.514151748,-5.257904052,22.07701148,-7.610793644,-7.9607897770000005,2.34061716,-2.915146975,12.88892071,-15.620896900000002,8.562489811,-2.101911145,-15.26215953,-6.417096475,-4.033900972,1.215400663,5.21728446,7.802204902000001,-0.513443862,22.20367377,5.040493315,28.033724499999998,-4.599389894,-2.915984012,-6.2676079179999995,10.76248104,-6.167137465,5.022171404,3.671953905,1.095951767,-12.06211821,-6.4332562410000005,15.35574342,-5.3313336,4.4723812910000005,2.472741698,-18.95940287,4.523594698999999,23.68952006,-12.41788571,14.39326402,-15.91009724,-12.84013585,4.932055137,12.32663669,-9.633786077,-9.368494627,-19.6122948,-3.4688197539999996,-9.866844909,-19.70177944,-8.214392712,-2.107127436,-7.6061106689999995,0.491300885,13.29786089,-5.681229354,15.21408412,4.919063272,1.7636664
3.72812103,-0.514251134,-3.0782953510000004,-2.2706224980000003,0.374367206,-0.705195688,-4.321206887,5.545732667999999,2.7248037569999997,-1.265237608,-8.221888805,-5.379811775,-1.471581448,-1.6709410530000002,-7.61362265,-6.094799752,-9.40472641,1.48305114,13.53937045,-2.5295428280000003,-3.592484273,-4.156730551,-0.441154815,-1.003219833,7.217605784,-4.723336091,-24.35256756,-8.912612011,-2.540363401,-9.383841663,-7.284081016,3.168412094,-15.99135095,-4.353636312,-15.18901733,17.93647879,16.75775624,0.10815295,-3.833797988,-1.278208363,-11.61699284,-12.34033905,-1.9392354569999999,-5.343234606,-3.420124808,7.490684637,-13.62739795,4.281474371,5.068793143,-9.618105821,-4.820156218999999,19.37866046,2.763427543,-2.143241199,4.108600398,-30.12115929,7.433784648,-6.202059215,6.399802468,-5.082459025,-20.58399986,-18.00815674,10.60572113,-14.87571902,8.279373115,-4.574995521,30.87802324,13.34761449,-25.43893594,-3.267217047,-7.648778416,-4.693616231,15.672120499999998,1.958368046,-6.863426216000001,1.8065982669999998,6.117818165,2.97926693,4.08882991,1.5382616980000001,-6.710248205,0.146714354,-16.83346073,-17.67169215,3.034149892,-0.47021794
-8.068412019,-10.93822578,-3.791168911,38.77281904,11.23215669,-15.58801134,14.652105599999999,-3.1072830089999997,13.50846413,-12.59042543,0.020278471,-17.93562484,13.02799558,-1.411498909,-16.324625199999996,-46.44205416,-6.6201995270000005,46.94690365,-32.38689273,-34.18489198,13.379865400000002,6.523177049,-11.68353901,0.273193025,-0.326829684,5.63881185,5.173858163,0.43786665,4.494480535,-12.18031632,2.325352853,2.650755744,14.47990697,6.670272878,2.8797821339999996,8.943596237000001,3.5920436469999997,2.521161214,-0.10116004099999999,-7.09186466,2.9019147660000004,6.141033383,-0.752143116,-0.078256095,0.85058112,-0.086260735,-0.8508928729999999,-2.3457318469999997,1.1991491090000002,-1.92126218,2.723678356,-4.166819762,2.857051549,0.875516547,-2.19604903,1.747432867,6.73080944,-1.49753991,-2.3022293990000002,5.201012143,-1.700059086,-3.100856359,5.008471363,-0.639751901,2.824269625,1.268983576,-0.53344428,-2.842016464,-0.41858469299999995,-0.318556138,3.307574085,-4.308193293,-0.120265476,4.457813055,-0.626650334,-0.7214712190000001,-3.877867235,-2.346740469,-2.6044545759999997,-0.19569183399999998,-4.136860079,-0.642173046,-0.729070944,-1.230483462,-3.7587153189999998,-0.15510114
19.28660712,-38.28506271,81.85030248,-1.0076536520000001,-5.371704338,4.585697068,0.784208461,4.114814895,0.654183275,2.323194434,-2.355933155,-1.5455760280000002,2.914205649,1.6172358269999998,-1.457909197,-0.201271201,-1.022183933,0.6271157620000001,1.398333579,0.44982788700000004,-1.371343714,0.568624778,-0.3237633,0.354635075,1.512102092,1.744966596,-1.09466944,-1.6197269440000002,-1.157928598,-0.968112645,-0.41781785,-1.5746376569999998,0.467394951,1.635897022,1.0226425829999999,-1.1689977040000001,1.16240347,-2.37098899,-0.879392775,1.318315334,1.6487685419999998,-0.666753762,0.808796354,-1.854357585,-0.954273872,-0.26178327,1.0516987309999999,-1.176786528,1.335104204,0.34739541,-0.013168151999999999,-1.4916617159999999,-0.072435357,-1.561201361,-0.867868423,1.4885997619999998,-0.10250991300000001,-0.247917904,-1.496301373,-0.156826192,1.011329891,1.716826919,-0.41576999200000003,-0.502928395,1.6917298790000002,0.444531348,-0.19733515899999998,-0.087143537,-1.0740523370000001,0.24133996600000002,-0.589442836,0.6837981890000001,1.057289733,0.847649592,0.322746651,-0.772234465,-0.371764541,0.35494194,-0.095461364,0.7496801359999999,1.3660762169999998,-0.205600616,0.745911177,-0.39934046,-0.35302613200000005,-0.32547885
-7.086069403,3.939349445,-3.063845031,-7.695123896,-24.76077816,22.07996833,4.893140982,10.68974388,-0.526335714,1.503097379,-17.64308921,4.116150954,9.304312263,-14.48850087,-8.062891336,-12.25364908,3.76367598,4.506124966000001,0.6369677220000001,-3.4753290530000003,-1.198885437,-10.58989818,-33.57530258,18.763212399999997,-10.62321741,-7.307784431,-5.803559043,-8.205973132999999,14.44213947,30.69126565,2.9039319569999997,15.52598872,-13.10336651,-7.258553931000001,-4.324586538,5.179583983000001,-23.19994701,-8.609729767000001,-4.136202147,8.205211424,-0.661397519,1.902431094,4.958877975,-21.85674199,29.89018513,-0.513233719,11.09673744,-5.121951581,-11.22940672,-6.627797005,-1.106012274,-18.29149765,1.596655495,-7.634454294,9.912620518999999,-6.770458477999999,-0.611578146,11.09920267,-6.793964307,-6.779659892000001,14.4748574,-13.12198034,-3.173406702,-0.500231241,-7.454003673,3.945198853,12.39545874,-12.251660800000002,-1.321755054,1.407695138,-3.466196263,5.253353021000001,0.916541718,-2.693538153,1.3203444359999998,4.997937179,3.0028479339999996,-1.59480033,1.6369559669999998,-8.758733238,1.3947956419999998,1.244638292,-1.326877197,-3.197678872,5.347924295,-0.192578
-2.3331412680000003,-2.435646325,-0.19821324399999998,-0.5442669489999999,-1.204736757,1.072782944,1.253571206,-1.7868025630000002,6.021368281,-4.143050555,-3.461468772,-1.81114094,1.1940826820000001,9.454070564,-7.942423848,-5.199131543,-1.07656971,-4.13471626,-4.3506646689999995,3.1950896369999997,-4.323167744,-2.844124735,3.690049777,0.095305094,-2.812312822,-0.130446904,-4.013071555,2.296608941,-0.056364653,5.2198996619999996,4.404044805,5.464310241000001,-12.7423354,-0.9933266540000001,-0.929751454,-1.978699961,-8.792492103999999,-7.124870018999999,-16.24154314,2.739186468,-1.850498076,10.09798452,14.27339186,4.715218889,9.458016211,-7.3636379860000005,-1.5057363680000002,-10.23090762,0.198336672,-0.9357320729999999,11.74465259,11.90351866,-6.920291937000001,-8.466145669,14.81545985,6.527325342999999,6.05505675,11.08298736,11.964554099999999,21.60738937,-10.96437102,-6.89701946,-3.158145628,-4.799785172,-15.749095800000001,-4.297375604,-28.01942816,13.11026912,-27.27051923,-12.48991931,6.654793525,-22.85627362,-30.57887395,-9.887905666,-16.36344032,2.416281648,0.389692857,0.9675191890000001,8.934255848,16.86943292,-10.77235327,-8.220201954,2.157607846,0.77087372,-0.037534427,0.16784026
0.10203143,0.34937642,1.9809609430000001,-4.218046641,-0.549138346,-0.732596111,0.34874623200000004,2.1774573459999997,-9.893684737000001,2.849983295,-0.31962360300000003,2.881926656,-2.972894698,-10.22226162,0.521669999,-0.6896351270000001,-4.0670416089999994,2.29453399,5.479679282,2.548907186,-4.081103434,4.789076333,-3.132751017,-7.552852756,7.558134839,1.9902920990000001,-4.998560076,3.7706381689999997,7.134145874,0.22329384100000002,3.904557759,-4.058467089,-5.716184654,8.221188955,-18.30927267,10.97638655,2.629947142,4.662314301,3.638422203,-7.583601525,-6.365758227000001,11.69731569,-9.931361785,-0.35374986,1.494467824,-9.575703269,4.327095213,17.3296134,3.35942441,5.928005269,1.347363558,-8.832895095,7.307377186,-0.542520535,-0.18904036600000002,-15.23731492,16.58899809,1.4862202569999998,16.14922876,6.941769797999999,-2.440221511,10.071178999999999,9.642229117000001,5.769538661,2.641429195,7.331240351,2.2300622000000003,-11.25445133,13.37133725,12.66797948,15.68913521,2.777945297,-7.004702595,-14.65733124,9.093921687,42.05742657,-20.18360188,4.883104649,-10.69504421,30.87758731,-0.578986157,-3.6711760630000003,-16.04584039,18.28081813,1.5299485330000002,-0.3288909
-3.0439939910000002,0.941031847,-4.910850721,-7.4282617,-0.760397485,-4.726605087,1.867583675,5.273845873,3.1857437739999996,-1.377835071,1.993101416,5.683904182999999,2.7194321660000003,1.388041916,7.545344846,-1.209013128,1.89870074,-5.303530388,5.691950355,-0.775346793,2.422377784,0.868603067,-3.6255462919999997,5.279686022,4.260571941,15.81124251,3.1902496019999997,-13.91941067,-3.98002825,11.38587096,1.059154243,-5.565229672999999,10.0549051,-4.882702075,-15.65741483,-2.8073781739999997,6.286223057000001,10.34772316,-10.96076025,0.9159927990000001,6.176309312999999,-0.7252882070000001,-11.88973428,13.54150358,25.10895134,-1.893853285,-11.734829199999998,-10.15011283,-1.4764167869999998,-9.634000488,-10.47537858,-27.61696235,17.23231498,-14.33300249,-17.21372772,-5.345819197,-11.62116403,-3.5003817919999998,-7.7434510439999995,-8.495279024,-6.336641454,20.80645442,-2.8724822860000003,-21.21423033,19.57201812,7.026739872,-6.900399055,8.235193907000001,3.3675564689999997,-3.563513243,-24.20847479,-16.92496562,-6.68992451,9.654606614,-7.3643270229999995,-5.053573359,-17.75510313,-4.723886771,-5.643623798999999,17.78353367,-15.99031784,12.47247178,7.518649701,-4.762118031,-7.031914764,0.44163728
0.9074536390000001,-1.3235142979999999,0.257876536,-4.121585805,-1.8786016509999999,5.034075511,-3.72839339,0.39031126899999996,-10.26894853,1.833640832,5.951920551000001,-0.443388016,-6.701264922000001,-3.379658187,8.351385535,6.553564924,8.307500276,3.032868684,0.567074315,-2.531871083,6.940195225,-4.0604134510000005,-0.651289176,2.9616846110000004,5.662447973,-2.824548155,15.12248414,5.092359674,-0.672212818,-1.47189612,2.198957471,2.123319459,7.647883524,8.466666322,-11.79847766,21.26483226,2.368561497,16.04165513,9.540099855,-10.10655617,-11.2863304,25.83743111,-1.147562959,-11.20516167,-11.78405975,-2.036588475,-2.527165954,4.792444403999999,-0.658402076,4.487900787,15.65522126,3.391525235,29.64643127,-14.79866967,12.59463002,-18.9564579,-10.407960000000001,7.342131633999999,-4.52581783,-18.91881632,0.10906925099999999,-13.5911655,-14.09792954,18.75224396,-5.084214371,-20.64035838,-15.7847955,6.077108202000001,-15.67571355,-3.895795684,-5.821667401,8.047439306000001,2.291116941,12.17921123,-1.471829127,0.525075265,-19.48549657,5.868492675,15.25912261,-10.2782882,-2.862943371,-5.557897744,16.59512608,6.54239132,-12.18099827,-0.7172439
90.23698123,-0.570843888,-23.96246229,9.031876503,-7.617706051,2.002107995,1.51026204,-1.917716328,1.596435737,-2.250097525,0.802125124,0.662528076,-0.272280567,-1.188064208,-0.136115753,0.99503144,-0.215190892,-0.179907715,-1.7611442480000001,-1.004701062,1.27597612,0.807294073,-0.473656715,0.9163626159999999,0.162378001,0.369856853,-0.340183202,0.5471862439999999,1.114331527,0.65091975,1.270187671,-1.648266121,-0.648083605,0.803572952,1.359341022,-0.351321428,-0.06308625400000001,-3.0341625430000003,0.40974485200000005,-0.31940579399999997,1.357918884,-0.42331431700000005,0.16833142399999998,-0.90071631,-0.909601793,-0.685829135,2.7727405660000004,-2.0034035869999998,-1.8299066480000001,2.584112372,-1.109737437,-1.330695535,0.874631802,-0.624240225,-0.61020063,0.518166111,-0.9421760840000001,-1.5867675330000002,-0.524761622,-0.07504094900000001,0.720324733,0.9109926620000001,-0.311723099,0.615427153,-0.9024256409999999,0.9981025859999999,-0.32243535100000004,-0.335515874,0.525651752,-0.426149493,0.926415082,-1.3425683990000001,-1.151132673,0.0015173979999999999,-0.6872125029999999,-1.0742316459999999,0.26656862800000003,0.798143665,-0.348757528,0.7625458979999999,-0.04869821,0.421296221,-0.20559059699999999,-0.115233061,0.735437832,-0.8802155
-0.11529748199999999,2.623161038,-2.422134522,-10.56760761,-3.596515596,0.808879681,-6.056784801,5.26749948,3.930020978,1.049189848,-0.079079305,4.600001496,-11.31430607,-1.472360863,-7.476030549,-3.2812753389999996,1.735332168,10.76486305,9.168876894,4.895992333,2.812515687,5.634497491,2.071260853,4.810322243,16.87779573,9.974734526,-17.48791088,-5.294773661,2.634386724,0.591444724,-6.803102646,-15.98114349,10.84498973,8.437501592,1.685219703,11.245092300000001,8.058498405,14.22421418,8.375978986,19.51664439,13.84972286,9.409143158,-12.15265764,2.672731583,12.16444303,8.310957171,0.31233045,1.907558606,9.213562357,11.7577099,2.676108482,0.035362347999999995,6.906278457999999,-7.526754117,-18.05765413,-6.923592985,6.34129693,0.860288961,8.159396976,17.71958552,10.14369223,-2.076657515,-16.37603445,0.816761959,-11.14155949,-13.15752226,2.905581958,-0.666860534,15.51238197,13.41904875,-4.904553503,2.900014362,-6.155956726,-6.707477914,-8.593864743,5.569717214,22.06447289,1.766314736,-13.69334972,-30.38268581,-12.72311455,-13.78924674,3.6017258969999997,-0.143254243,-3.961158132,-0.8381581
-3.9785464,-1.9070680469999999,-5.741854516,-10.79994898,-21.07758976,20.57597041,1.966472686,6.002140916,-16.0872471,-3.0055094280000003,-3.391925802,-1.998339266,9.388485676,-13.21759165,-4.474185102,2.1398342969999997,32.80278656,-8.535875806,-5.497655486,-7.527830152000001,40.05974652,0.320231423,1.646186956,20.52994824,11.70520587,29.21908622,22.00806419,-12.38705966,-20.10411978,-26.65537748,12.76246028,14.39791759,-6.093939499999999,-1.442736267,-4.231148439,-7.613316826,4.061704246000001,-16.75652898,5.304498679,18.96226019,-0.23895253600000002,-2.2594191969999997,2.285925109,2.563721825,2.597375825,1.5506540780000002,-17.08479476,10.13776966,2.430270839,-10.659764,-5.38449981,13.39238162,4.02010943,11.18112708,-1.33574302,2.788758587,-3.73798307,1.977399514,3.706806851,5.203874954,-4.557690913,-1.4059842580000002,13.18877799,3.9793886830000003,0.42498159999999996,0.40420617299999995,-5.896638017999999,-2.032541708,3.3160740730000002,-4.271199223,3.95986813,2.7052664930000003,5.667568041,-6.590149281,-6.424533157000001,6.9100931260000005,1.380032036,-1.8533711069999999,-5.737099904,0.385490104,5.417449867999999,0.62792441,-0.114689625,0.186098793,-3.4766322589999996,-1.6434194
-4.590015193,-0.30141340899999997,-5.328710588,-9.255143018,-3.5920012239999997,5.669983447999999,-3.681301185,1.887195621,4.343774268,-4.700741501,1.361930686,3.2128951760000004,-2.806104944,0.73559976,-1.38323778,-4.197856166,-3.344711677,2.7456465580000002,3.0186284839999997,-4.1927803489999995,-1.682613804,7.50056441,-12.41038097,-8.139744141,18.94274938,2.994542723,-2.333480631,-20.51203337,8.221079495,-0.392320471,-1.5645137530000002,17.76999645,-12.4361877,6.8087270570000005,14.25101651,3.04334284,8.063004962,14.89229305,3.093695701,14.24735951,2.679893157,0.14339534,-16.66089914,2.129829107,-10.99286685,-23.321936899999997,-23.02925206,-2.963796082,8.652625086,36.92182784,-14.23897963,4.08130168,-13.55028232,5.0382598,20.53331199,-2.486887129,6.786710754,3.1016956560000004,-5.700105847000001,-1.8103276259999999,16.20073878,10.906932099999999,-17.55130004,-7.838586329,5.978790612999999,11.46210671,-8.692726769,-11.39300253,-16.29401617,3.054171747,6.625986155,1.0509911379999999,6.25472558,1.944555495,-4.649554575,-13.291497699999999,-3.795865897,13.98031388,3.2882743910000003,3.816797624,4.162424003,18.03129614,5.982699299,7.552412682999999,14.50605215,0.009758404
-0.361480268,-3.1746930069999997,-1.276609302,5.4184068320000005,7.160927898,-7.037527796,4.320082104,-2.74451977,5.925272105,-2.76988752,7.869607314,-1.838751104,10.66626551,6.555654986,5.642697705,3.132141715,-11.03831726,-15.73272589,-6.570369114,-3.0624333860000004,-16.81500798,-0.922559323,-5.84525786,-10.16835716,-9.367695722,-6.924766987999999,8.474901894,-1.511695147,-7.559967958,-9.233111949,-4.598213202,-0.817419105,16.36019595,-11.11958544,1.0335632890000002,-17.0564547,17.52434376,-3.1716528530000003,14.9240782,20.88036606,10.66781075,10.74674082,-2.190106514,-4.869324826000001,23.11830088,-22.35650423,6.811773346,15.50115958,-5.096553608,2.5898413469999997,5.154869856,-1.929811972,-3.7593175789999997,24.89071359,8.089338935,-13.04828563,-18.22347017,17.07142344,-13.82357387,-3.554965403,-8.013677532,-13.07847578,12.65851505,0.37301955,-3.2646734630000003,-5.300785332,8.780668605,2.693132769,-2.52012763,26.71178054,2.136398489,-2.754804918,7.853814142999999,-19.25605749,-8.073296304,-8.207520186,-10.80765621,8.631654672,-4.25062585,3.4658874139999996,-8.962495928,-14.29905889,3.804467318,-4.3822102119999995,0.060486005,0.34863418
-5.2279638639999995,1.15220956,-0.067576557,-5.649215045,-6.175867247999999,-6.387677926,1.517227137,0.7691735279999999,0.800015467,0.7913298040000001,3.701418721,1.2752275290000001,-2.2862111119999997,-4.582612916,-2.319910623,2.412803931,-1.10251297,0.44482552299999994,-5.073257095,3.0976033430000003,2.61140096,-5.868775306,-11.24925453,11.26754072,-3.515555258,-7.24360727,6.503711735,-7.940538202000001,10.93085984,-15.02448068,3.219828915,10.34013333,-18.30821065,-4.564813672,-4.713816677,7.027795307000001,-3.974798595,-20.60993852,-3.428107012,-8.231755195,-6.144320231,5.317203437,-7.095359125,18.41817953,-13.22941591,-5.562701815,8.811304993,-10.12500754,3.4687518330000002,9.336734931,0.176255843,2.886089474,-1.602881024,1.164819165,5.233472592,23.67464938,6.570853611,-26.639095500000003,7.921503819,-17.87750809,4.909581852,-3.7945305030000003,-9.497581355,-3.465128932,6.240991557,-2.128436933,13.75673601,17.25255107,12.17288215,39.33089854,-5.507250653,-10.17086979,-6.685405684,7.459326186,-9.445594529,8.975393332000001,3.138887303,-4.292776992,-1.325198535,1.0004637029999999,-4.354590003,-19.97960624,14.72449928,-4.828510562,4.851452319,-0.17178717
0.297116314,2.204772571,3.4384696939999997,-8.038817396,0.787598864,4.254201139,-3.3046872730000003,-2.25702281,-2.326498091,1.80695202,-0.48909925299999996,-0.592057966,-7.125422234,-9.240340038,13.5555834,1.563465464,17.04514127,5.106266806,2.541115963,-10.60915922,3.790610565,-2.409345587,4.570091993,-6.068751752000001,7.270585227000001,-17.6075176,12.69679183,6.015483265,-6.142141066000001,10.92441798,-0.47098700200000004,12.59475701,17.10527923,13.60372935,14.82219801,12.69315614,-23.54968819,7.270786731,16.53554417,3.17769287,6.5026081510000004,8.41965298,21.65357535,45.51893178,2.934086433,-6.161461992,14.04602763,-9.215501973,-7.626449694,-4.0242010939999995,-17.33289774,19.27459509,-13.71521567,-12.31818008,-17.06937278,-18.61637887,7.490718906000001,14.3332783,-5.267180298,-3.2503796680000003,-2.6004962469999997,-0.370854048,3.277876303,-6.540630696,0.6558848389999999,8.271879222,11.45892303,5.861653371,-8.548598149,4.83674225,6.577906222,9.1073609,-3.16853903,0.015539397,0.395093125,1.8379035869999998,3.885883015,-4.001469696,-3.894382334,4.808899648,-6.292492015,-0.249618914,-1.837633365,-4.490884939,1.1849044229999999,0.8519547
-3.550031237,0.8719080309999999,3.327895929,-6.689989151,-1.874613606,-9.901233295,-0.722092492,-5.06648626,-1.424654039,1.949219075,9.590681092999999,0.30985539,-7.374194505,-8.88212394,4.735398787,1.038129686,4.626081636,-3.6228207830000003,-5.120534114,-6.907060317000001,6.819468271,-1.1243586559999998,0.39336379899999996,-0.45228240200000003,-11.88792795,-6.208248107999999,-1.597966315,5.036368271000001,3.538613751,9.461442075,1.198151808,7.520588732999999,10.79587004,-0.6051881170000001,21.26894618,0.107044944,5.694015907000001,-9.707250021,14.08447185,2.068420974,7.092854214,-6.876224426,6.411327404,-13.74381853,-5.527047447,-9.040537206,-4.697621563999999,7.8309689239999996,7.861442077,-0.7161753390000001,-4.165845448,-14.75297289,-6.355066021,-6.240033327000001,0.40725740200000005,-2.5261988630000003,-1.8963200040000001,-12.42138874,29.03851796,-14.88964209,2.19942875,-7.886378782,5.346729819,20.26347818,-0.616877418,7.393276188,7.140535738,24.84099363,7.8929134,-17.02260537,-7.5587361710000005,-10.83060903,9.193330352,-3.325088433,-15.23815396,-5.900610137,0.319035583,-2.091879031,-0.419335705,-0.6890206409999999,-26.16407764,3.9597152510000004,13.98328351,16.68688638,13.70229509,-0.59309644
-0.744144568,-0.262115651,-3.5285760330000002,-5.485415327,-2.921715944,-0.442202531,-0.323931239,7.370840597000001,5.443782959,-1.5188538280000001,-12.31109556,-2.164282549,-2.500273078,-0.030447317,-5.836842293999999,-10.19850143,-2.0769938409999997,-2.920072537,8.165561462000001,7.163871146,-6.117960711,-0.315628271,-3.874279998,-1.649678428,-6.771270045,6.359336798999999,6.770169644,-9.266196091,-4.167504589,7.8689423629999995,-25.73395588,15.37700938,-9.818099556,1.4525216840000001,28.61349055,5.2408687910000005,-3.4033020019999998,-2.007252093,5.413071819,-22.18014506,-21.10150044,-16.14317743,11.72340779,1.134274077,8.708387458999999,10.07016361,-4.818826624,18.29115428,16.48269637,7.021744153999999,-1.737978819,4.8914873519999995,7.884076213999999,-1.11998454,-4.409693222,-0.39947346200000006,15.20591619,-5.647599344,-18.21002098,12.545427,-15.51611896,5.287393351,-8.606519287000001,18.49074604,-16.33830687,0.967630518,-9.261719762,8.900359394,20.43281405,2.9556123660000004,-13.74559424,7.597189527,5.3331329489999995,-13.39975009,-1.9996821669999998,-13.74907699,-10.59277864,9.861300756,-8.366812283,17.03317907,-6.1750748070000006,-3.43980744,1.221803526,-6.82814234,-14.04464845,1.39388
-1.206608608,0.130062559,-3.11017363,-8.243028692000001,3.589386367,-4.558892915,-3.563672123,0.703605446,1.195489456,2.133977911,-1.030240043,-3.2627295689999998,0.135201735,2.748539947,0.412850758,-4.719406783999999,-3.1426826589999997,-3.15805099,-0.861646715,-4.036271482,-2.454398891,8.442716848,1.159437394,2.127765471,-11.54198727,9.524799273,-7.392346354,-8.291489436,2.294592659,2.244480451,-13.80973681,6.12398127,-2.0563964930000003,5.576058867,6.001487448,13.33675879,9.990366587,5.086337287,8.137429842000001,3.2571431680000003,14.18371766,1.363876887,-6.13603952,-6.263295423,-3.497463217,0.537942579,6.3518464,-7.606484912000001,5.622758201,-2.9485552530000003,-2.613728852,-0.568889865,1.739926361,-8.247750992,-1.915875124,3.1306330589999996,1.829858116,17.15965925,-1.490298336,-7.05064108,-13.47582799,-10.24892821,20.07543694,-2.05358912,-5.391423929,-4.368882487,-1.356819209,8.654669572000001,8.445666263,-1.92192122,-8.140243505,15.90280112,-12.34598315,-3.01108441,-8.519716916,-12.80473822,5.504762519,-21.63357128,-11.95081071,5.9881309929999995,39.43017605,10.70743184,1.806104865,22.06349839,17.86453049,-1.1970726
-7.79575707,-16.98556605,-7.97338513,54.36712908,-12.05803416,-18.96564715,-67.18072128,41.48510757,-25.99119461,12.75700701,10.94125338,17.48230099,-14.88039211,25.19217658,-1.187061434,3.7218806630000003,-0.270799795,1.669101692,-6.4943902510000004,-5.851605067,-0.75276795,-9.823354449,-5.731985959,1.258122013,2.929026149,-0.40795378600000004,1.542206723,2.405348649,1.263338871,3.548347565,-0.640306256,7.710058451,-0.352765004,-4.2402724130000005,1.3384386609999999,-2.625268084,-2.049118467,-5.1346333060000005,-3.573319296,1.34781958,1.829998367,-2.4674806030000003,1.975171262,2.124127777,2.468207872,1.888987023,-0.8045349390000001,2.606710944,-2.3578692340000003,0.189647215,-2.914762125,-0.09629683900000001,1.305330325,-0.649231011,-1.822093,0.473763131,-3.275001835,-0.686433623,0.312390772,0.6327788520000001,0.044369871,1.7807303209999998,1.5345471030000002,0.5401284000000001,-0.16992335100000003,-0.652361463,1.0002138409999999,-3.27158152,-0.646638764,-0.7537742040000001,2.351983664,-0.528453036,-0.5044711789999999,-3.22520912,-1.6924008069999998,0.660430164,1.434171174,1.457020548,-1.3597843569999999,-0.17038358399999998,2.9011226210000003,1.486491815,-0.281934758,0.8333348909999999,-0.191263617,1.1053431
-4.422561159,-4.362638811,0.6801819920000001,4.915002906000001,9.650813021,-14.2830244,1.293944512,-6.130277826,-10.88573165,1.461177416,0.879193527,-1.4492782480000002,-2.018755982,-3.619774405,9.230607698,-4.103737451000001,9.934707223,-5.587613645,6.817786194,-5.298911108,5.831033004,-1.099451631,-6.086379315,28.01622492,-10.41031553,-4.720106457,2.663935344,6.537754057999999,9.592248752,-8.58111542,-0.782249695,-15.07135467,-25.02347053,30.08061509,-12.42056752,-4.757738088,7.561854975,25.84766543,-4.080968725,-0.876120169,-5.6740785879999995,-16.87601829,8.052769357,-8.59263796,9.277945046000001,-6.3497247439999995,38.126987799999995,9.192802466,-6.919146947000001,19.09475991,-3.789398158,11.13742845,6.192923355,18.33716993,-5.714586825,-3.918204779,-8.802754781,6.374071474,5.389623606000001,9.907075897,-9.763371004,-4.548760111,-5.6765838770000006,-1.527041046,5.889163961,20.4107438,-12.19109645,6.949977491,6.408235792,-3.478832606,-2.251457045,-5.561987337000001,3.180680288,8.359337786000001,-7.283504399,0.192498203,8.472700717,-2.179685939,2.335406018,-1.968740084,1.050341921,9.352671387000001,8.673073046,-7.777022065,6.128859653999999,-0.66328937
5.326365033,84.29030385,34.12880965,21.08237662,1.071126628,2.409911005,-1.8263666969999999,-0.164939523,-0.522185164,1.359862205,-1.513069519,1.3801330059999999,1.8460031590000001,3.724830502,-0.15762912,-0.637993909,-1.423477086,-0.293120537,-0.46292739200000005,-0.003955953,2.429516637,-0.639360643,-0.852689591,2.742452278,1.4655190880000002,1.0588810229999999,1.78461497,-0.34835794600000003,0.46003778700000003,-0.530742629,-1.61602235,-2.3769444180000003,-1.544678037,1.2455685859999999,1.885390149,-0.783143935,1.3218822159999999,-0.838889124,-0.41158754399999997,1.618255029,1.9577634680000002,-0.131402959,0.132503025,0.996560343,-1.88419155,-1.41921253,-1.297624851,-0.15291093,0.5419373470000001,0.009060634,0.59817739,-0.6335635239999999,1.231657405,0.125064242,1.259415325,0.266897051,-0.8612409209999999,-0.393202583,-0.877094631,0.550084355,-0.7048788709999999,0.775887744,0.097283597,0.050156056,0.290444176,-0.187034758,-0.248587224,0.00672455,-0.111629899,-1.196012452,-0.399180108,0.7262178020000001,1.019137699,-1.234232635,-0.422405869,0.26893953600000003,-0.01585951,-0.262393375,1.449630099,0.9335059990000001,0.497208938,0.374302522,-0.78979826,-0.651459541,-0.566508744,0.28450027
-1.651293457,2.1535825490000002,0.21201624600000002,-6.098330545,-6.29168525,5.428634595,-4.878682669,-5.1115659010000005,-1.554016179,2.9235057369999997,-4.938917878,-3.104508695,0.640074943,-1.870077196,-9.264219789,7.943365565,9.250004773999999,8.815522888,-3.081456754,12.36490533,2.311157101,-12.35773823,4.404690533,-23.66393714,7.48945461,4.002472952,-7.168837739,19.03616833,-27.02319071,-16.47572712,6.678181831,18.56860141,-12.85024385,-4.595090073,18.79109401,38.65425251,7.08626842,22.86571427,-13.20303871,-9.966895611,-5.362276122,-0.46388636,11.97375621,-5.440032368,11.61190996,-13.0493847,1.645944557,4.839626417,-15.43015325,2.265653064,4.36340821,-26.25274457,-9.894686342,12.02510615,-4.146909814,2.579155942,-19.17925156,-7.062424537,-5.260957583,5.213260897,-1.445228468,11.11623446,5.537045589,2.9616754789999997,1.9262810819999998,-0.16759353400000002,7.629060911,-1.091123192,9.588860047999999,-0.7685864,8.129605507,-11.0060336,-5.941168325,6.402614082,3.251354965,-3.559154757,-0.229815414,-8.537896064,9.562585671,-10.65362004,0.7399481929999999,-2.630880369,-6.195908081000001,-4.731879412,10.07021187,-0.65626174
-4.184693421,-9.826156199,-7.947274201,26.13865138,11.13880357,-1.061530899,18.54368031,-28.97360208,9.28054017,66.64616043,-52.37549197,12.14373336,-15.230994199999998,17.35288933,15.94722827,-2.83174472,10.10040906,2.5385100069999997,15.15761355,-14.31697392,-1.3462492869999998,-10.35859148,-2.342628003,-3.9045753260000002,6.952807606,10.74473895,3.6780533539999998,-0.203970385,-5.195979938,2.765896838,1.643028467,4.632099309,2.98095455,-4.099901912,-0.507707711,-6.113343795,4.906420478,-6.364702568999999,-1.091704518,1.7991047230000001,1.365664733,0.269105657,-6.38139526,-1.1572182340000001,-4.254131695,-0.372762269,2.277741172,3.035395363,4.203556162,0.43994017799999996,-5.791154637000001,-1.969131446,3.578561208,1.2467281959999998,0.90090869,3.335855069,-2.372754479,-3.400578247,1.2717984709999999,-0.530660797,3.185461705,-0.054515999999999995,-2.000446292,2.46061654,-1.2111187829999999,-3.354445024,1.238764739,2.072368886,-4.921592625,1.188487626,2.128690105,1.31885949,-3.699276236,-2.321202053,1.5289588580000002,1.91111715,1.0153510590000001,0.616582789,1.2511908040000002,-0.880900081,1.935792846,-1.123859972,1.128155425,-0.956994675,1.809213164,-0.7065204
-5.878969012000001,-0.386348743,-1.8049679930000002,-7.009902164,-3.408776715,0.120629125,4.894040044,3.593300888,-1.520681999,7.4834534889999995,-2.0344231369999997,-1.882993247,-2.526719534,-2.774571943,-3.7921108639999996,10.09174795,2.145509506,9.031435008999999,-3.48397626,-3.151222142,3.808598963,-3.747705958,0.893137816,5.533023052999999,-8.186551215,-19.02454761,-13.86982152,-2.974703644,27.10664803,-29.34543371,-3.645381154,-8.276275388,-6.7571214710000005,-13.21700842,10.59974712,-0.79618342,-7.239679135,-3.7950173389999997,11.2259788,16.78424848,-1.432695256,-4.6120803210000005,-10.86604086,15.89938385,-5.85233977,14.37752077,7.673515999,12.93857477,-14.8927791,9.224254281,-1.288570966,-2.8161288360000003,12.44639715,-9.747385477,-2.1726554080000002,-4.528606104,-9.023182852,-3.5197626439999996,-10.63009861,-8.139388812,17.96277721,-0.882000483,16.77097318,20.31397784,-2.68487779,-4.279306,-10.15962444,-10.38725753,-2.733267592,-13.58879042,-6.689486657000001,-14.18235434,-2.82560307,6.551801352000001,15.76822988,-14.41987304,-3.559094667,-3.6052128939999997,-1.9035563580000001,18.99230063,-2.2411213,-3.166663877,-20.93474016,0.168409296,5.861155653,0.7701061
-0.11115126,-2.3665787480000002,-1.559854117,-2.794577565,-5.432646567999999,-0.608723306,2.434071433,5.436338742,0.311589155,2.6239092040000003,-0.240525057,-3.3777806439999996,0.26028004,-5.526749154,5.978817889,11.98979148,6.853587416,-4.925972753,2.476994472,-14.90370155,-6.417039025,1.526288411,-23.85690298,9.987975015,-2.56951794,2.3386883,25.80702556,-3.787695148,9.606687945,-2.080357319,-0.439588811,-29.80349485,16.33051971,-14.28179907,10.43435424,-10.59938141,1.512527399,31.39865344,-13.88370326,-9.383945999,-7.5522060710000005,-3.857720145,15.06238851,6.89922509,3.5480670310000004,-1.3241866709999999,-20.76792146,4.50228341,-3.707774104,-5.000362903,15.87585974,-2.6083452940000003,-6.845413496,-6.193208649,23.45433162,-15.92889425,10.83855082,-15.15530612,12.41058438,8.889299895,3.7014851010000003,14.6854199,17.45389012,-1.5234259719999999,-13.76323421,2.117320863,8.998293951,11.41335029,-0.064765091,10.09841631,-1.629984289,-3.8267294069999997,-4.220822895,5.61405412,11.506442100000001,-2.4803156000000004,16.38147196,3.3537021310000004,3.140068807,-2.460109601,16.79566469,-0.842763377,2.4933334190000003,2.02582767,4.413855617,-1.2366331
-1.013265904,0.9563153,-0.90580711,-3.741834916,5.447825356,-9.052992622,-0.81280016,-2.2525158259999998,-1.119433617,7.480191056000001,4.72707117,-1.645073616,-5.984174348,0.13936158699999998,1.355962895,-0.330278449,1.4252026819999999,-2.655346504,-6.1625582439999995,11.48979812,-6.345266851,-5.940073452999999,0.48528649999999995,13.66663301,-0.222601309,5.218291605,-3.06360411,-3.124252758,-5.474424151,-6.899615774,14.29243389,2.045049553,5.004520754,-4.590692376,-7.696449244,2.277231435,-7.423821565,23.79761458,16.73774016,0.366082798,-8.981769414,-3.4163856860000004,-5.906518393,-9.813325623999999,-1.15597873,-3.950239097,2.083374094,-24.88997565,-9.520131954,5.5180957479999995,-9.430005637999999,8.402523692,-14.19893582,-16.0115852,11.79097428,12.00551856,-13.16885882,-2.685675648,5.027652243,0.542028851,2.160856596,-4.314459598,-3.69545698,-3.841532889,-6.271843452000001,-4.113479805,10.11344314,7.587121201,2.915381783,3.1761060519999997,6.18328246,-0.315376749,-0.250253837,-9.143822777999999,-4.60621999,-7.051745188,-21.51606544,-20.21902724,-12.05614395,18.32410972,9.275476296,-10.30649607,-5.102908519,-3.045948325,-10.72870353,1.7246722
3.462427065,2.074075799,-4.288209958,-18.78405034,24.66979776,7.352499022000001,-4.047420365,-1.041195142,-17.85615321,-9.214871757000001,-3.10431769,-25.4887534,25.40846684,54.34867301,-22.44806112,-6.54293518,49.17238171,-12.7854162,6.78284202,-9.802551074,-18.7188312,-8.086566906,7.709202816,5.236735167,-2.047102515,-7.509127297,-9.287909411000001,-0.049187975,7.408141965,2.018623312,-6.531728469,-2.513098003,11.01779505,5.317000531000001,-2.186385468,7.348522237,-10.3765825,-7.606654247000001,1.4569872190000002,-8.35926403,6.705896407999999,0.165619994,-10.30699599,-6.088406303999999,-2.7160203430000003,-1.263387084,-6.169275481000001,-1.4427361630000002,-1.325426643,-1.4288705590000002,-2.648003859,-4.614060461,1.877836354,6.572541219,8.241619747,-4.38902968,6.364437962,-3.501050383,-3.342522217,-2.206542899,5.589442067999999,6.041923842999999,-0.009995238,2.69970818,7.757736174,2.436049223,-3.499706002,5.029838379,3.512004681,2.382154743,4.278499954,2.49984338,-1.323078006,1.139546672,2.895263664,4.72796342,1.6551499230000002,-1.6455487880000002,-4.346492999,-2.142765198,-2.676008972,-3.598073114,2.51534276,-5.7354056170000005,4.273018047,0.35569042
-1.226065957,-0.710699016,-2.917946548,-4.356214523,4.287308411000001,-9.842972677999999,-2.108905038,0.985654215,15.01834664,-1.716661709,4.359655397,-0.003555717,-1.985158624,2.8726886210000004,-3.363386091,3.69970219,-7.922316952999999,2.281592872,2.481116224,4.192821417,2.2970841419999997,2.2004367819999997,0.154355209,4.28468672,-9.426071075,9.05096255,-5.4117869579999995,-2.573663236,-9.185190646,-4.091469343,-6.032280351,4.053361383,-4.301883499,-3.583055571,13.27459004,-5.718789169,1.54431696,-3.326103377,-0.9258976329999999,0.564016752,0.8545467929999999,11.17435784,3.05617708,-3.763337135,-7.611808116000001,2.476366004,-1.50041809,5.1386249930000005,-11.22743022,-14.09124847,12.75306056,-2.872513357,1.36157199,0.9092755920000001,7.892358832,2.150835312,5.3678365569999995,28.12779785,9.121794802,-1.6441181580000002,10.48500427,14.617320699999999,-19.88044391,7.338578484,-4.310038915,-16.44923575,-3.761457894,11.78721642,1.7748010680000001,8.637768372,-4.326703908,-6.981915216,0.811260801,-3.4936601169999997,-6.805427288,22.46650713,-1.114631687,-16.67593477,-7.37669646,-4.493990496,13.44842717,17.58506553,-9.263278987,-16.44905205,5.347492495,0.716168
-4.949521569,-1.089315497,-5.689023965,-6.663521001,-3.8570825280000003,1.291247691,-7.279033352999999,-7.024761671,1.893009694,2.429738656,-0.26148296600000004,-9.005974623,4.455867668,-1.5006495180000001,5.495713045,12.35662092,0.86014042,-19.73149259,-14.48546294,-10.17088532,-2.856351128,6.079068403,-18.88126802,-17.39072398,-0.186454604,-2.3112763,16.63049247,-7.751747172000001,12.51204244,2.664234289,-23.01086343,0.384581644,-1.75422417,33.86115239,-6.414505114,20.08890612,16.70319907,-11.30345879,4.4436860419999995,13.37052846,22.33383556,-13.62610831,12.61683203,-8.684822066,-2.792086967,10.01319857,3.036100967,-0.890843313,22.09493704,-10.9582692,14.20712615,5.468246419,-2.252397017,-10.03452539,-5.895623421,11.44183813,-13.91428632,-5.4956207820000005,10.0048403,-2.606853765,1.746990914,11.52812775,-5.861036811,-7.468192802000001,-9.616266612,-9.72282104,9.161187117,-15.09816342,-1.439539229,1.258645721,9.304657022,-10.89108511,-7.371068093,5.189018149,12.74469138,-2.578078271,-10.59756582,-6.497358339,9.146347055,5.843542502000001,0.030673016,2.540349523,-5.964506774,-14.96474138,-4.042314365,1.0385395
-1.8159393169999998,-1.2495710009999998,2.037977882,-9.833060023,4.658192067,-7.88319997,-1.919653342,-1.169546515,-5.133896812,8.901769703,8.915993212,-0.0067844080000000005,-3.213409869,-6.133251844,2.590046411,1.8680188009999998,-8.912984898,-3.972165232,-2.247673319,2.862217245,0.9578525859999999,3.0863729889999996,3.651985209,5.851748092,2.9239456460000004,-1.768529798,14.53953195,-2.437617006,3.803763312,9.213483316,7.249602706,1.913800472,8.415758297,-15.58997952,-6.547400729,-1.070864415,10.86056282,-9.277930846,11.1885203,-6.531275624,2.02806005,-4.500226884,4.925051539,2.738381915,-15.68126545,-2.81903503,5.644467224,-8.47142455,-0.394817221,4.879885396000001,-7.795067035,-11.46402626,1.068868973,11.85185496,13.0683225,-11.14680093,18.23290063,-7.162302611,-12.80626622,5.7321017,-4.194417432,-8.592304983,3.3584229310000002,-2.111873347,-19.09548311,1.05215566,-12.59395956,-9.132002649,9.227176219,-6.284578913,13.8953643,-1.188870846,-1.1602712309999998,0.46044561700000003,6.093173972000001,11.46671646,-8.826383927,-20.57831189,-2.6377373090000003,-14.31136406,-24.91273438,29.46951061,-3.511850709,-29.78035599,14.62061947,-0.2221004
-1.445733034,0.08695427800000001,-1.731535571,-3.7415927069999997,-3.04061536,-0.731971923,0.38286273200000004,0.58049459,1.971486586,-9.878678586,-1.613894386,-0.846858597,6.363507792,2.936248056,1.6265933000000001,-6.1345863529999995,-7.358422339,-0.438353551,-4.197255563,7.798575694,-2.094626008,-7.634790507000001,-3.63941459,-2.590940215,-5.682480002999999,-7.881636406,13.50946256,0.830120878,-12.41519393,3.5237061130000003,-1.155806043,16.34338048,7.09852999,-6.8661004310000004,-14.84650087,-1.026193433,7.145668621,8.114438228,12.30576252,-0.34277191700000004,3.032341727,-0.991717435,2.309413916,7.082656132,-11.25571042,10.01285898,17.37493126,19.23584371,5.8578979129999995,2.924306367,-4.916453453,-6.903063032,14.53069967,24.00626731,-6.044391274,5.490254201,10.66007794,0.46891417,-11.23165874,-15.98070314,29.12866034,17.83837862,-8.059318513,-22.02836252,-12.87132714,0.635262126,5.729168686,27.52949572,-13.0489306,-21.57152193,-5.611326188,-9.201962325,-2.9033484830000003,-4.975479928,-1.971999716,11.32623173,14.14409903,8.970635904,2.4050939159999998,2.7397779310000003,14.55987132,-4.483296333999999,-9.295085669,8.422935947000001,-4.871227785,-0.18108442
-8.64288473,-10.44872717,-3.393279185,52.785220900000006,5.867526017,-7.674509401,-3.723198707,-12.1641614,-3.121490544,2.606729354,-11.59016514,-14.29992687,16.30695181,-51.13090461,-17.90579824,17.33905503,35.16262582,-4.528344016,-18.72928763,29.80003997,-28.47277014,22.552591800000002,17.56689386,5.09369428,2.3225952380000003,1.7081168569999998,-3.428843169,-1.170104361,5.233325101,8.769381944,-10.175020199999999,-2.456172562,-3.5944608689999997,-3.325788337,0.7338971759999999,-2.185251526,0.008091187,-2.002602387,1.6398748859999999,5.3018884680000005,-2.9319364269999997,1.656717496,-3.6703343889999998,3.341589377,0.658485204,-0.64497254,-4.727207567,-5.667557248,0.455434296,0.545989177,0.613980014,-2.189835775,3.226189999,4.317449251,-0.281664929,-4.616615518,4.066150809,-1.171037109,-3.207722113,-4.531195875,-0.223387909,3.7947076139999996,-5.931104068,-2.4871419759999998,0.302088801,-1.6384438780000001,0.346515804,2.831594355,-4.66491726,0.29319780100000004,-3.4890580069999997,2.663980834,0.989877027,0.699475576,-1.401526071,-0.052866566,0.934746418,0.031307377000000004,3.78786467,-1.250939942,1.1551113659999999,1.074071004,1.065177998,2.227069652,2.1150219740000002,0.7950889
-1.6708017380000002,0.19369812399999997,4.66602824,-4.561606813,3.2730911910000002,-10.76076243,-0.035993736,-5.900275201,-9.740328347,4.242018754,6.068160785,1.36172763,-5.480280062,-5.078812958,4.8555996530000005,-0.184397758,4.448320807,-4.954291273,5.141592992,-3.986510721,8.734649874,9.104791422,8.766864106,-8.556257911,-3.857255938,5.518005269,-2.786284771,1.404945395,1.324468816,12.07928863,14.55782773,3.279310493,-5.511947017000001,0.785797471,-2.738469686,2.212397229,14.58115016,-0.710088576,-8.141597992000001,-1.30819431,7.905686594,-15.440916,-8.352908677,3.236961903,-1.394049308,8.113746585,-8.178230886,-2.5861401269999997,-14.26822178,2.307884027,8.239501737000001,-0.839083888,5.397606399,6.358593989,16.52625914,-7.305995789,20.57182252,13.98825426,0.015729104,-14.49784355,-0.138291499,-8.329636602999999,4.36485834,-11.14765104,-3.645148522,-9.015277146,6.372465777,-8.507634182,23.59990669,-14.54176417,9.662481754,-2.642681746,-28.79341522,8.248328982,-13.86371459,-17.07228703,10.03955818,5.852673705,-5.552898427000001,0.262385914,-13.43427337,-18.51224704,-11.4295131,11.57217454,-3.2338799469999997,0.9850939
-4.042205049,-0.830409862,-8.461787163,-5.224945672,-19.60251771,25.41644127,-8.484441715,11.12834352,-11.92766583,8.623455937000001,-16.42898798,7.625362655,18.49583411,-3.2268548910000003,-5.571927617,-22.062013699999998,-19.70510589,5.881259441,6.388032352000001,8.879309451000001,4.070354088,-9.814207996,53.41341746,-5.513726496,-30.56717046,2.739098378,11.13467104,-19.01647525,20.92691035,-1.3670585819999999,-4.411089205,-7.553605319,17.91552611,15.22337192,8.961160217,-3.528235103,7.739082337,13.93435681,-5.766594792,8.867578563,-11.70684054,-2.993378218,8.613544733,0.6200440220000001,-10.18495105,-7.345475161,1.640703297,-7.479294737999999,-0.9362545529999999,-6.079306052000001,-6.510092512999999,-4.487049269,4.435332638999999,6.558314919,6.465464536,2.037886399,-5.647366141,-0.662596913,9.352387942,4.092044957,5.0241392110000005,3.1202395,-3.2880926039999996,-2.734968762,5.906837614,-1.682085665,4.738852788,-4.880089834,-2.531253731,5.199820252,-1.209310542,2.197918247,-1.252738613,-0.68798915,-1.865940057,2.360955314,-2.520873078,-3.2482692510000004,6.789929607,0.121267269,-4.029391231,-8.874474417,-0.328352082,-4.033085895,4.80294756,0.18774192
2.740483979,0.740392692,0.968232558,-3.984438702,2.834351373,-5.644083542000001,-0.709776098,-6.365601739,-4.01754293,-0.053362504000000005,9.603508892,2.159088339,-0.678838143,-1.423045254,4.187288378,-4.007361243,11.87600868,5.856854327000001,-4.295087428,3.8250195860000002,2.420032899,-4.30389835,9.10539836,-11.97613408,14.48034736,-15.72938799,8.002466112,8.141964733,-5.804726723,-1.495255685,11.56849894,5.507501617999999,16.24900301,1.7176511669999999,-3.7760898419999998,0.5843255829999999,-8.588808265,13.09992253,-18.39505406,13.59548186,-16.32233493,-10.20635917,-20.78668524,-3.961602105,12.12710817,19.08233601,8.223125032,6.722446219,19.13024832,-5.212538611,12.1029306,-6.636449052000001,-3.2454387060000003,-8.784433367,13.11919582,13.01596308,-1.815297975,-2.641520248,5.297537881,5.513755961,10.27404698,-18.38295896,-9.04763484,-17.08512506,-12.52614444,-7.722941321,-4.920254266000001,-0.5906023579999999,6.453638477999999,-0.950009697,3.069515295,11.22373275,30.86742471,-10.67071487,-0.34086622200000005,-5.219847381,15.87330651,-9.217581878999999,-1.255866005,24.77466552,-5.033414757,7.271216087999999,1.145039014,-5.485195362000001,5.26378581,0.059682135
0.299374983,0.999087568,0.5800673270000001,-2.137352716,6.071695535,-9.434964089,2.972660987,1.93738812,-1.77896456,-4.561392883,4.491458188999999,2.436482371,-1.321015526,-1.9173747559999998,-0.652872922,-7.060888781,2.5457923819999997,-3.024483098,-0.024045137999999997,0.6112799839999999,5.809281423,-6.622124812000001,0.35284531799999996,-2.020570147,2.721990877,8.420297126,0.7073440409999999,0.43398952799999996,0.407707187,7.218298432,-0.302048938,8.107899739,-4.116530357,1.799794221,-27.2337017,-12.06388659,1.065026124,-1.8467757340000002,2.7532493369999997,-1.914705079,-10.97369874,4.624438522,2.157359407,10.18973425,-7.697622373,4.5865095039999995,4.691662279,-5.953465545,-1.9752562009999999,-4.381160973,0.245984065,2.336923753,-9.840081153,5.179447788,6.916890781,-4.651046132,6.525884297999999,6.171004077999999,-11.71939392,25.34895983,3.585276354,6.567798891,-9.382223461,3.207214289,-5.719036101,-11.27363956,23.74810391,-4.432118637,14.44440019,-16.90877799,-6.35385738,-4.410373024,4.897358509,9.088753619,16.15942902,-22.05753219,-26.06108715,7.319198092000001,-5.071891782,-8.71609966,12.36232198,-22.82340712,15.63467391,-4.7722609,18.27913711,-1.3314333
-8.77613206,-3.745917074,-6.614696606,28.8709978,-11.81129656,10.16307251,68.93121978,57.92875843,1.898748085,1.692172543,17.29545569,6.424041645,-20.61582271,18.13349984,-2.52134728,14.33586528,14.77703973,2.409478921,0.747105094,6.456035252,2.504358439,9.338054806,11.72706372,-11.88408642,-2.08407442,-9.208660016,4.536993472,3.1103485589999997,0.611466153,6.208922361,-4.508860642,2.10818586,-6.168659911000001,5.230941686,-2.044441083,0.798361254,3.1451520889999998,2.1551801619999997,-3.388839781,2.063296839,3.7861471310000003,0.6945516429999999,-4.558846481000001,-6.211266851,-5.049564304,-2.0430135480000002,4.207563697,1.2426643659999999,0.35702807799999997,-3.0780677310000004,-3.180409607,1.143396471,-3.1165742310000004,-1.018072997,0.47716873299999996,0.437276282,1.049122576,1.150918851,1.7162608940000001,-1.2510422559999999,-6.214305741,1.575806518,-1.7246011159999999,-1.8853586530000002,-2.4004471030000003,2.031262993,4.3101016119999995,5.037575816,0.552602319,2.854449254,1.5449402680000002,-1.16058875,-0.803685504,0.41321271200000004,3.0179812889999997,-2.126651186,-0.384044646,-2.8689323389999997,-0.8767161859999999,-2.722057796,-0.39886931200000003,5.624103731,-1.1067448690000001,-0.666903768,-0.35765072,-0.46700317
-7.159425442000001,2.112432422,-5.14868411,-3.9113766880000003,-22.6124451,15.68816446,-10.41589097,1.292668451,-3.92129029,7.018747436,-10.91763882,-1.754589876,0.424701386,6.1649082570000004,-10.28449401,1.552561904,-3.4345982439999996,-6.687011645,0.001459394,-3.442378239,15.53660095,56.29827972,-16.20004172,-3.088946857,-20.88398807,2.259743299,-17.62019167,17.03688886,-18.86870492,6.006879242999999,16.99836916,-16.07960968,13.42592144,9.255688399,-4.107833424,1.475255247,-4.272584889,-2.916910398,13.77022125,-15.09205076,-10.8273404,-18.33491634,-9.971242981,12.31985989,-5.597802012000001,8.143600238,8.497401376000001,4.812372585,3.46000956,2.0561109109999998,4.225545495,-8.777668235,-4.722115886,1.385069926,12.69138273,10.744777099999999,-5.9723226920000005,8.328144626,-5.9117256,5.01147564,-0.618538438,2.535762113,-4.059990461,3.2118927989999997,10.86804061,0.37633273,4.000048942,9.179367862000001,-17.10803439,10.20733149,2.566659655,4.9222616619999995,-0.220028945,-0.241890632,2.325612555,-5.88303491,-5.213126676,2.468221285,-0.596705901,-2.019142579,-7.631166221,1.1987761829999999,-1.651117547,-0.121183931,3.5164114410000002,0.030085944
-1.148130151,-0.67052605,-1.626453399,-9.366698694,-3.856267392,-4.55744311,-0.142735459,-5.253130535,-3.0524690580000002,2.733248153,3.311469415,-1.33040361,-6.555363122,-9.137780442999999,3.047095265,-5.250475935,2.741740005,4.521354172,-4.231923214,-1.02746362,1.5234219409999998,-9.232152803,-3.6005503080000003,-12.95508662,17.41805753,-15.64406768,13.34179247,7.781083746,13.69543103,-1.552066497,-9.548464426,1.326912888,-3.3804002389999996,5.569255015,-11.57041305,-7.615272233,-5.098572592,-9.509935139,0.517009895,-10.4393641,-9.719185774,-6.763851914,-11.14003054,-5.342024122,-20.35637015,3.4138152839999996,-0.5437016579999999,6.262194601,-3.71710706,-4.953914193,3.7211203110000004,-8.42757915,-10.70674786,-7.128400556,12.95526411,-0.183839775,-11.59314719,17.16466382,-8.728962954,1.781819364,-10.6995409,28.75689746,13.69779336,-5.677921287999999,3.5949904239999997,19.67069508,-8.342069775,-13.18849906,-1.7549442730000002,7.4345474529999995,-23.16263085,12.231879600000001,-3.434230575,-18.1369918,-27.09994643,-2.836524652,8.704124493,-13.39540168,11.71868021,-17.093526500000003,-6.208395969,-15.72716543,-8.983275687999999,1.4659647480000002,-8.574018526,0.18297322
-1.5300996999999998,0.72808668,0.23537533100000002,-9.027701112,-4.722197647,-3.82713923,-1.821276965,2.037600907,-5.55467685,-1.9047513280000001,-4.689823626,3.886550452,-7.090395742999999,-4.06277373,-1.90260195,-15.32070746,-5.059389264,-1.468945725,-2.27772904,2.125725245,-0.795260225,-4.786094383,10.94556327,-11.33856826,2.0768794230000003,2.567873924,-5.06948514,12.17422846,-7.747413486,0.269716797,1.81120547,-9.385662962,-15.91004544,4.032197848,-2.196719281,-5.926514634,-27.85568679,-4.333021351,27.74209907,-3.155274302,3.283726105,19.45869532,-18.10934701,6.428199049,18.22477909,-14.20732438,12.06218889,2.2976616340000002,23.43435759,-18.82407753,1.5277974619999999,4.530189476,3.562730409,18.67765904,14.93309318,-6.333723889,-0.23185265300000002,-19.82870099,13.43731362,-0.086170905,-7.287285576,11.12639945,8.388811849,-2.394650632,-5.563255019,-14.3754821,0.8143127659999999,-13.84319745,2.667310545,-0.7119521609999999,-9.303588261,-7.745509352999999,-10.60907521,7.531333484,5.026804884,-13.80695662,12.66225326,6.250752485,12.47545987,3.0308778210000002,2.965622601,17.60506712,7.717216156,3.1417956869999997,1.3991537019999998,0.2934962
-7.171336816,-1.73897121,-5.829268404,0.077087643,-2.7421890839999996,-0.449031676,2.410945885,0.033597657999999996,0.918775545,-8.200592697000001,3.5241851410000002,0.790717948,3.575479665,0.644000072,0.395214479,3.4752263589999997,-11.19543028,-8.368956647000001,1.000710684,10.40910251,-20.40563778,-8.944656619,-15.56568047,1.921558031,12.47416813,36.22233945,-11.38558402,3.922130758,4.248441042,-16.69862789,13.93039655,3.97789527,8.008724962999999,38.48590272,30.51300955,-22.74925909,-16.12542489,-3.4797518380000003,-10.78580746,7.502891983,-5.845261852999999,4.378224467,-18.4730094,-5.178962548,-17.761387600000003,-0.5604114029999999,13.16075935,6.750329232,-12.05222858,-10.602096699999999,-2.204683298,-2.668420733,9.308261875,-11.80252361,-1.468569286,-5.982883633999999,4.798208515,-5.224560126,-11.94481698,-5.202270616,-7.001374287999999,-1.79876924,6.165847241,-10.74699278,-9.412145517999999,5.163724209,11.88817233,11.3009398,-1.491147825,-7.489396813,9.046134406,-0.7499775679999999,-3.9886568589999998,-3.124917637,8.806975657999999,0.348286376,-3.541136653,-1.196531877,7.469840925,-8.043474725,-8.983156932,0.6919814999999999,1.091285456,-1.5526709369999998,-3.479558298,0.64692926
-8.653028856,-7.808333949,0.247817412,19.58067285,-11.82427491,3.14928803,16.80319157,-44.97933543,-45.29751696,-52.99087242,-19.19759722,24.12838065,-35.21636901,21.32037279,-1.9924769340000001,9.448925526,-8.256002857999999,10.63667048,-3.3657579639999997,9.330616192,-5.452885587999999,1.3169399640000001,-2.316597198,1.4201759630000002,-0.368023886,1.661050673,4.2030798439999995,-11.487843199999999,-3.128764602,-0.169436007,-7.273783954,-7.590593765,5.918046461,-5.204947249,1.80723209,6.117781275,1.59480029,-9.821469155,-0.5237279979999999,3.93206027,-4.151142296000001,-6.967857004,4.485406495,-0.0050455479999999995,2.173946522,-1.55635235,0.804681883,-3.536347422,-2.07810459,0.544299811,-1.5983564590000001,-1.393279914,-1.4051204369999999,-1.6190227069999998,-0.33678129700000003,-4.2629153639999995,1.369958125,2.7228499680000002,2.3236043090000003,1.760016962,4.890483045,-1.176723136,3.438839212,-0.23955986,1.8013952869999998,-2.9632834889999997,0.002142889,-1.33477486,0.188810196,2.51074522,-3.270229128,-0.107265125,0.236523768,0.39553726100000003,0.38437350299999995,-0.41992760799999995,-1.524874455,-4.315542403,0.201139033,0.012930863999999999,2.645932174,2.161684808,0.8249812190000001,-1.884224871,0.306029809,-1.1427044
-7.84979071,-4.913324203,-4.562786607,17.60722851,-9.504661095,25.78475568,-12.24623197,-1.3141427140000002,17.24735696,-13.586694400000003,1.751458646,-33.70671016,-3.1110880410000004,13.75834267,73.19808484,-23.45079636,12.97311796,5.703557936,4.223246251,36.17303196,5.120981119,8.886326605,-2.579807316,-3.514037787,1.53528259,0.261104894,-5.097870585,-0.032846526,5.812062772999999,-4.072555283,-0.326381548,-4.752816646,-1.316940754,-5.008720385,1.759673002,0.41508132200000003,1.814655556,-8.396926545,2.9050858610000003,-5.158991226,2.065319618,4.537621328999999,1.6710999619999998,-6.158780847,-0.047451158,2.5961929219999997,-2.594423084,-1.686687413,-6.7406275120000005,2.199741447,3.7835124139999996,-0.755594091,-0.358482594,1.000170224,-0.223966833,-0.511597866,3.04817214,-4.651110646,2.249808202,3.650966048,2.530620037,-3.9102906369999997,3.83767169,-1.2236639679999999,-0.815489288,2.684115799,0.39140942,-4.478592156,2.374163528,0.90244698,-0.579327825,-4.684455957,1.07568949,3.2657560780000003,-1.444133996,-0.566622898,0.917980976,1.6386721569999998,-3.257251632,1.0250326140000001,1.763528296,-0.520800414,-0.772637977,-2.327079528,2.303890715,-1.1158293
-2.4807425419999998,-0.643471114,-2.932724022,-5.231138817,0.92577964,-7.845952437999999,3.8742484139999998,4.712985591,6.33217872,0.32971196399999997,3.639085035,-4.061444576,-1.722128431,7.987015716,1.802514314,2.935016516,-6.906543097,3.28254108,-4.110817535,1.120237363,-5.873544282,6.536473915,-4.81303324,0.427727189,3.3844326010000003,12.07128575,11.01061263,-7.713906867,-8.310233173,2.20800992,-3.402680788,-10.54237498,11.67507388,-0.029990799,-2.523178257,-6.049384439,-8.638914154,-6.71076134,-6.093485401000001,-10.5187451,-6.1967889839999994,-8.821339365,-1.791969739,-0.6283798389999999,11.66682961,-10.30454593,-5.104792174,-11.2439233,5.954934891000001,-7.16597827,-0.003239617,18.26126185,1.253618339,0.473803507,-13.30092874,-2.158596525,-13.01726416,0.924889588,-10.69462186,-10.96116396,-0.998683036,-3.0019484,-18.705547,11.91413675,-1.2169345,3.91715518,-0.36215352100000003,-5.769096847999999,13.21005902,-11.0708776,2.887825421,4.994468283,8.430866137999999,8.638742371000001,-10.95089795,17.98607868,5.055114659,4.038012671000001,29.65668428,7.4227884479999995,-1.952412386,-16.005439300000003,-20.71982405,14.51510106,44.07083927,-0.0153749855
-5.36843068,3.162980309,-6.6001135920000005,-8.220639208,-13.16774849,17.34628931,-6.671076622999999,5.468308127,-2.872792299,3.04845038,-12.21882549,-1.826506442,-7.223108756,-10.74880066,-20.26078525,-11.94611749,6.129122146,5.364889102,-0.0013818270000000002,5.944835727999999,0.74453012,-8.15226387,0.876675538,-17.36979933,19.18645054,-3.055682615,-16.94168482,-9.978249653999999,-8.101543531,-13.91070043,-9.566940248,-12.28797344,11.77542717,-7.914333319,-18.53890054,-28.89944562,-11.40473317,0.6742495890000001,-6.181483642000001,-17.23019382,34.66623642,-10.26417385,16.84815181,-2.984328244,-15.67545674,-13.73497941,6.1736445,15.24671949,-4.761101273,15.61215474,18.07331082,-2.646912285,-17.30649365,-5.781531856,-7.685752839,-3.1583711180000003,-3.7530037239999996,1.774609279,-0.5935014479999999,-6.009486887,-6.320700948,-13.94773391,-10.45414738,-0.46333043399999996,-10.01760478,0.507334258,2.072140722,1.959757195,4.229042891000001,-4.712778591,-7.193516211,-2.920448196,1.331049896,13.38293754,-1.523410944,2.617384197,-3.3980510539999997,-5.880361207999999,-6.40543606,10.91192789,1.6857713,5.7335967310000004,8.405758563,1.817675991,-4.74726941,-0.7828813
-3.3660809560000002,1.325478557,-0.9365222740000001,-6.625864518999999,-13.84642423,13.12902327,-3.2988473839999997,-6.116160751000001,0.209243496,4.890681965,-2.819704658,-2.917409746,-5.10352432,0.447653221,-8.353853863,4.785745552,8.549568528,0.26872199999999996,-6.708654291,-5.559313953999999,-6.978716509,-3.4807526810000002,-24.14820867,-24.46088787,-5.456302353,-14.83943316,-4.373488773,-5.48288195,23.41700096,11.34014323,26.50952397,-8.370782325,1.6273339569999998,-2.793517123,9.108356622999999,-5.159086069,4.071703365,2.2603283,-9.087841211,3.300389993,-14.838533300000002,21.8561796,1.5037963369999998,-3.776986477,-3.837227284,-0.705559701,-3.180361076,-9.671063603,-7.982930102,7.704446162000001,4.375192682,21.71055665,2.8297987719999997,27.45522727,-23.19919367,14.47859978,1.012254792,4.156953454,11.49961582,0.996902783,-14.03931621,13.72381295,7.3248483339999995,-7.342997259,5.848653014,-22.09150087,-0.5023371,7.664250472000001,12.24090128,-16.21586466,-7.51485328,13.41234975,12.98529306,4.037326806,-8.944898975,0.41543860299999996,-9.515543851,1.135644715,-7.518640295,0.43836301200000005,-4.048842474,9.467087624,-4.483635806000001,-2.714101281,-3.892265335,0.96059626
-5.421933498,-3.705565188,-5.899537822,0.9910291659999999,-5.908911098,2.599971321,-1.6691517280000001,0.225722497,-0.08401791800000001,-8.10091985,-15.07420944,-7.254638397999999,13.97666175,12.32161106,-1.9485300159999999,-2.620401093,-24.57944682,-21.75770373,2.134687424,-14.51955787,-4.052664962,36.32477642,20.45230083,10.01489829,53.08115812,-14.01472258,11.98084621,4.113373048,12.83033965,4.85536042,7.556093931,3.54250733,-18.80821725,-6.994558475,11.30532777,-5.151255368,3.8717378630000003,5.291890924,-15.08493225,-14.77506483,5.358094438,13.53592582,9.430478467,4.1914010710000005,1.484916401,-1.779016198,9.162600496,-0.573962833,3.59308653,-7.49444545,-10.66846116,-5.648492932999999,7.5689206239999995,0.10689071,0.708740739,5.928210942000001,-7.92083205,7.021115477,5.992013482000001,-7.08935991,7.319118165,-11.69629727,6.867006986,5.7435113520000005,0.9443840659999999,-1.2688948979999999,5.643034546,4.356474428,9.930449653,-4.547031823999999,-3.698776187,-1.6580404469999999,6.763364258999999,-2.245014151,5.144222145,-2.102943949,-2.274713667,-4.995379133999999,-1.033242125,-2.326594976,4.781442313,-3.9445342310000004,0.619704214,0.126818756,-4.969656672,0.5486464
-6.701475299,-10.86458195,-4.540784131000001,37.32035829,14.57530765,-14.52312772,3.209479304,-0.16407981800000002,5.6039721039999995,-22.5648363,-8.071553475,-11.86086585,24.73883459,-8.163551759,-17.78678386,5.525194013999999,-9.412370679,-16.0549198,61.58925111,10.97683058,39.68271451,-13.49534389,-16.51701376,-19.84241758,-2.244589923,-8.053162071000001,7.539195372000001,0.871688878,2.849262444,-1.161423693,7.897727401,-7.477569456,4.765706816000001,-5.258896994,7.21530782,0.8504115809999999,-6.160947195,-0.015329263999999999,8.566731667,0.59297173,5.51987106,0.39862058200000006,-2.35343239,-1.2939700140000001,-1.6582691040000002,2.404205002,3.6548696169999997,-8.506606484,2.340630374,2.010864605,-2.024368261,0.952712448,-1.040798031,-5.81829677,-0.04307252,-0.306870112,-5.055538876,-3.2988827119999997,3.8570003969999997,-3.034344046,-0.503284979,0.869266696,-4.6967432030000005,-0.22520628199999998,-0.342045879,-1.286303611,-5.007159472,-4.283938899,1.0983896340000001,-0.885305275,4.26684226,2.357448684,-1.8203621909999999,-3.1834792160000003,-2.021043651,-0.7231529870000001,-1.2584534379999999,-3.2995046180000003,0.808222804,0.011399393999999998,1.617161649,-1.9892898419999998,-1.051132299,0.8107506179999999,1.611288029,-0.10667696
0.095191395,-2.356224942,-0.282366797,-0.039839821,4.4436963380000005,1.644400128,-4.723820435,1.526890679,14.29753167,-5.57723192,1.667134266,-6.372941854,-0.15172169,0.16308788400000002,1.917741236,1.489832544,-1.434690077,5.918009239,7.275357261,-2.249628536,3.837798077,-0.334936617,-3.859105862,6.822514629,-0.94658027,-2.302027201,-8.139708057,4.69633838,-5.842912715,-1.9364716569999998,-23.19830874,5.0431840139999995,8.102124539,8.387135629,-21.49502189,-3.3246294069999998,-2.12755415,1.928361284,-17.07105895,3.574615014,-13.64921202,-18.77754137,-10.84509501,9.889822573,-2.735883776,-10.51991638,-7.755631957,-19.12986689,-7.811089899,1.2877144740000002,-17.70592371,-0.637856806,-13.91626321,16.77818872,-4.995598856,1.3702067530000002,-2.4898525609999997,6.227897082,7.174150354,-7.484960256,13.90824732,-7.858242816000001,15.26299718,19.12374818,-11.806881,-18.64969796,5.262664339,6.210675383,14.65730146,3.062778414,-2.945553897,7.742978916,-10.92335713,-10.488659599999998,6.968535693,3.5122573210000003,-1.073959735,3.391491681,30.603597600000004,-0.56157815,-3.182230086,23.29691974,3.168479407,6.954035695,-27.31578631,-0.077267356
-1.3676638230000002,-3.1894626560000003,-4.107674314,3.3241220210000004,-9.199614476,9.482402419,1.382793304,-3.137724822,0.9129055290000001,-5.775790737,-12.29610277,-0.338518461,5.079374764,6.615690547000001,-7.010089591,2.335615116,-7.887055817,-4.654102384,4.2173055260000005,3.246206574,-4.822381575,-2.654507805,-5.7996916160000005,17.20960368,-10.46719823,-8.945770131,-9.775887546,24.49785997,-12.23213822,14.61535547,-11.82384794,35.24233588,6.109547397,6.859521407000001,0.25947108,-19.62699454,30.21909521,17.86451742,10.7534227,5.635161005,11.5062254,11.79969376,-8.779914455,14.74800223,0.475376404,1.677053785,-4.65550989,1.794593023,-18.08903933,-5.3655004669999995,16.76638405,13.1473593,-4.766435811,-12.965541499999999,5.664960501,11.31147902,12.99967357,-12.09392875,7.013753909,2.314084507,-7.193833195,-0.406729567,5.852653271,-0.17152807,7.705076491,7.197864627,-11.92103041,-17.68718247,10.95697567,-0.549117796,-7.840498888,-2.569380176,18.38294068,15.17021806,4.268687334,8.108986885,4.362293619,-4.744725617,12.76447005,3.6826149010000004,-4.56357025,-6.49738783,-1.004467567,2.580022234,-3.3870939,0.9052441
-0.33353299399999997,1.780181578,-2.542782288,-7.990409218,2.4901888999999997,-3.759713183,-1.4758353080000002,-0.37366480399999996,4.090132465,2.172134272,0.306765665,1.442686231,0.9947356629999999,2.539524251,2.881198832,-1.445961609,0.172139724,2.26592461,6.320216804,-2.013139264,-2.096030833,-1.9283458130000002,2.833493045,4.440719945,-4.203099819,-5.8256717060000005,-5.503227182000001,-16.28225897,-0.594324605,-2.47473206,-5.57329578,4.666091101,-4.708865415,-9.243494807000001,0.104440164,-2.593906193,-4.762032178,-10.80431708,-3.800251783,3.51224739,-11.21969966,-3.530212536,9.504701626000001,11.23244726,-7.956365835,5.65501132,13.36290546,-6.565673535,4.5751157860000005,-7.378566899,8.630179537,-18.11231932,7.1752469670000005,-1.084224822,-0.769411385,-9.927915525,1.098616847,2.659962491,-8.744131525,0.416738905,-23.199401899999998,6.371285325,0.5711397970000001,-15.23349072,-0.926418097,-12.85080034,-12.6713162,0.250178302,3.6212554989999997,20.876354,33.37780208,-6.318280839,25.99440064,24.79824082,-8.688585944,-7.706675262,0.051184793,-3.7947672999999997,4.385236935,-8.872387658,6.033695527000001,8.834645457999999,-1.87731511,32.02017999,-9.019969452,-1.2668505
-4.671848519,-0.698559723,-4.311155911,0.474456631,-4.159007309,3.0597857489999996,1.073650198,-0.586446609,0.5117917120000001,-5.667831144,-0.703055324,-7.30142548,2.961498381,3.504136735,-2.237681766,-5.396955908,4.491971559,4.092835722,-3.6425051410000004,0.288830734,-11.82781103,-11.04638975,-6.336880627,0.93340964,-9.778637212000001,11.10709879,-17.04956905,24.27205706,-0.892928251,1.862784459,29.17773997,-12.12756423,-13.01285631,-11.70985282,-3.279944638,2.76956381,21.74489547,6.1996467410000005,-12.30632268,14.61182592,3.0067385019999997,-5.635121323,21.393739800000002,7.156487882,-21.33391778,-6.5779979179999994,6.140453107000001,-9.841589746,30.26643677,-21.02337134,-19.578737,10.25996344,-7.52881048,-10.27887433,3.686523357,-11.46803118,-10.62524995,5.115760441,-13.5618241,-13.33150063,5.741851865,7.563711106,-7.315796145,9.045916004,-13.16093027,1.733028245,-14.80509,-9.89753947,7.439801872,11.05688859,-14.59768606,-4.192739134,5.594489521,-6.198837258999999,5.765445095,1.5480087169999999,5.683740677,8.897870437,-11.5818663,0.9583234559999999,-4.976204878,-0.585727834,-1.000462183,6.785593665,-3.572423984,-1.8889236
-0.92060607,5.044824414,-2.39203386,-13.88916505,12.38338309,-9.584799893,-9.380219738,2.45667929,15.05440234,5.290146638,3.3988841510000003,-3.513792928,-6.400835847000001,9.293534622000001,-17.17179007,12.00719771,6.958386267000001,12.07313656,3.1504136039999997,15.57539817,-1.21550333,13.61176017,-2.279896163,-18.21186417,-7.041187817000001,5.7643683679999995,7.816565677000001,-34.12862044,-23.27089725,12.74603973,9.078664442000001,-8.967431254,-0.52973903,9.476030201,-2.385316081,-1.675794311,9.576256414,-6.436290442000001,-17.38763126,3.076681755,-7.3003327239999996,22.79060229,9.74338796,-0.474389616,2.7612471210000002,12.67810796,17.84324992,4.408720405,-1.56628938,5.093543816,-6.004126659,6.749998315,2.461207187,0.15796228199999998,0.14694252800000002,1.36010692,6.231476164,-7.322583729,-0.930922273,0.208924883,20.74093552,-13.56112508,23.8534611,10.29947188,-6.056934284,23.15785813,0.46855920000000006,-17.09279606,-5.850451511,5.611041437000001,-4.961418767,-8.200394204,2.583924548,8.42093766,-7.8134860989999995,-6.329947072,0.112292764,-4.399751643,7.13007474,1.335740667,0.036989605,-3.5514962569999997,4.725587322,1.382474194,-11.63845664,2.8416672
-6.6510923889999995,0.009819037,-1.400013641,-3.1978177160000003,-3.478653642,-0.16432966300000001,-1.657969547,-3.840022882,3.139024412,-6.256148715,-3.4468398999999996,-10.45494249,8.503107684,9.351145172,0.362154275,1.238674267,-6.012658697000001,-11.86545979,-8.840316431,-14.14403036,6.553200296,2.136561778,15.18089946,4.600053945,-4.00658139,-8.476096154,-3.403924308,13.38911949,-11.79607361,-10.16169218,-4.987720209,1.9416864980000001,-1.9061473269999998,-21.5774103,-6.465774382999999,-8.922276987,8.178718691,-12.20682816,-11.09679411,20.36771818,-18.93403238,11.19203757,-8.661691569,-1.13725403,5.601982751,-2.226490463,9.596285766,-5.826381627000001,0.224518797,19.55548447,14.81021481,1.0492370640000002,7.954093941,-19.436111899999997,-18.12036125,-7.5276374000000015,-1.383117318,-9.482260164,8.968649085,5.907696716,-3.476408624,20.40399099,-11.45834183,7.151613489,-24.20183887,19.96209815,18.847267000000002,1.61672382,-7.624221856,0.640285954,2.385953963,24.21199545,-16.42717295,7.740491685,-7.157633381,-9.962905475,-4.896161577,1.252538635,-1.549335085,-4.617585816,-2.431726084,13.25737592,-6.684258337999999,-1.253341719,5.014828646000001,0.4928546
19.28660712,-38.28506271,81.85030248,-1.0076536520000001,-5.371704338,4.585697068,0.784208461,4.114814895,0.654183275,2.323194434,-2.355933155,-1.5455760280000002,2.914205649,1.6172358269999998,-1.457909197,-0.201271201,-1.022183933,0.6271157620000001,1.398333579,0.44982788700000004,-1.371343714,0.568624778,-0.3237633,0.354635075,1.512102092,1.744966596,-1.09466944,-1.6197269440000002,-1.157928598,-0.968112645,-0.41781785,-1.5746376569999998,0.467394951,1.635897022,1.0226425829999999,-1.1689977040000001,1.16240347,-2.37098899,-0.879392775,1.318315334,1.6487685419999998,-0.666753762,0.808796354,-1.854357585,-0.954273872,-0.26178327,1.0516987309999999,-1.176786528,1.335104204,0.34739541,-0.013168151999999999,-1.4916617159999999,-0.072435357,-1.561201361,-0.867868423,1.4885997619999998,-0.10250991300000001,-0.247917904,-1.496301373,-0.156826192,1.011329891,1.716826919,-0.41576999200000003,-0.502928395,1.6917298790000002,0.444531348,-0.19733515899999998,-0.087143537,-1.0740523370000001,0.24133996600000002,-0.589442836,0.6837981890000001,1.057289733,0.847649592,0.322746651,-0.772234465,-0.371764541,0.35494194,-0.095461364,0.7496801359999999,1.3660762169999998,-0.205600616,0.745911177,-0.39934046,-0.35302613200000005,-0.32547885
-5.2166947210000005,-1.746173135,-5.021573173999999,-8.318340426,3.5551289589999997,-12.74035182,7.981418016,4.263326377,-5.746471455,-2.89688432,4.8971351489999995,2.3659236619999997,-7.576628972000001,-3.2030350289999996,3.091251803,-11.22426001,7.7250744010000005,-5.36339051,-2.631424061,-6.033465479,8.924569642,-13.09171845,14.3213611,9.484402187,4.522385711,9.466961432,-9.615505057,5.860954572000001,-0.104340314,11.30647049,12.66430349,-19.44398662,-9.426896345,-3.555758693,18.72051813,1.122784133,8.57896931,-1.22605488,6.062430507,2.296521819,12.62579044,-7.402871877999999,13.02690891,2.772786457,0.942449126,7.63775887,-0.372944375,-10.09822176,-4.459797883,14.94062265,20.77528006,-14.76367595,3.79832099,-0.27787536,-4.669060672,17.25797525,10.0345914,7.578089909,-12.22417556,-19.1087165,-4.725514343,1.131372061,5.544884701,-2.836820148,0.397859155,-2.012878261,12.37827747,-8.483907489,-4.94312877,6.278843722,8.322549224,17.88064857,2.835710044,-6.31881275,-2.8033655110000004,6.457766294,-0.820222393,26.14722304,25.87532281,17.88248625,8.087035722000001,-0.507147039,9.448231100000001,-17.79009716,-8.089450726,-2.0335662
-8.583268477999999,3.109564612,-3.7956956510000004,-8.563361871,-10.68039272,3.274772532,-0.82752738,4.84113335,-2.192244479,-4.329620953,3.4861324010000003,1.146613654,-1.239249304,-14.27644853,1.460440739,-1.1024811909999999,-2.039580932,1.542442893,4.453198388000001,-11.36710027,-2.035585714,-7.981134182000001,4.545225073,-1.452060048,12.6659981,-3.188554714,-2.157393753,12.44662273,0.92162761,24.41265383,7.0833077289999995,-5.244297242,10.17329811,16.85589475,-6.195235072999999,-10.01121759,19.98976045,-21.93731763,8.511673758999999,1.746018878,-15.72074935,6.160580648,-2.358163076,-12.30621808,2.30512744,-7.513977961,-3.787257825,-6.067216585,3.954197013,11.04432674,-2.559214054,-14.24716747,-16.44484951,-2.041792313,-16.11379496,-12.42296141,-1.817048988,-26.16569424,-15.22747446,7.228019693999999,3.3877008060000002,-8.892233049,1.7314113130000002,10.317737699999999,12.92587483,-6.63914755,-21.89253875,19.327254,-4.178339853,1.069882527,13.01335402,-8.576912526000001,-6.3922864729999995,-0.803614795,0.8877474009999999,-6.257039226,12.46421639,-6.188681523,-1.498955075,3.60107071,27.52945425,-10.78196183,-14.88535155,-10.42306731,-5.313867396,1.178538
-1.354731455,2.7726781419999997,-0.29354727399999997,-4.114903368,1.6688692999999999,-5.107721818,2.919479079,1.461702703,-2.321597867,6.504855185,-3.012451992,-2.685766862,6.453131699,2.4242251009999998,-5.398298658,1.7351251490000001,-8.284701256,0.394660096,-0.410785191,3.192334672,-4.092086659,-1.367601496,6.893953175,1.178320999,10.90661024,-3.887599474,9.884526947000001,-5.695106022999999,6.69683785,0.642849864,4.5958232489999995,8.008915101,7.19706356,-0.692622447,8.488359443,12.46167335,7.59820926,-10.18886038,13.58084931,-2.300747486,-19.82464161,-9.619314251,-8.659188217999999,-5.55717697,-5.3215972780000005,19.01691716,1.8467923730000002,-6.594508708999999,-18.80397564,-14.1626269,22.74861434,8.573944689,-25.92997943,4.631143572,-7.503595552,-8.018904929,-23.54219311,1.929561193,-3.150242098,4.822124732,3.1608261619999998,-14.0951046,-3.5098191880000003,-12.07413512,-1.9663849430000002,12.67798813,-3.765042065,-2.29187405,4.934739854,3.715290845,-11.55020493,-8.690390112000001,-16.26160952,7.764417687999999,7.619234584,15.44634028,2.277921793,34.33684257,-18.05992745,1.114272861,0.793725083,19.8964477,16.17848808,14.77378375,0.081429534,1.5828136
-0.322617396,-0.208193603,-0.382770504,-10.06376441,9.604562884,-11.73345181,0.42619183899999996,5.305950968,11.16692588,-2.44760217,5.606997677000001,-1.368644779,-8.335364186,6.135348021,-4.869748757,-1.900750481,0.154678178,10.38427846,1.685960626,9.281593058,-2.594256204,5.67018599,2.834979737,10.41909261,6.2336101610000005,9.338636858,1.4361787330000002,-14.17115896,-6.7193339860000005,3.335160028,0.363920746,-1.015580139,0.600218435,-0.235607939,5.199067881,-0.16191013,6.232639136,-0.508942337,11.25995365,-8.362952194,4.361348195,-3.989740269,3.590924315,7.690855428,7.213992832000001,1.203909256,12.38072488,-8.549134213,-10.64724457,7.713573157999999,-1.165359545,-1.344977245,-3.6081802489999997,2.940050165,14.32691898,5.522710263,-15.61919826,-27.32869734,4.271780334,-12.03196949,-16.53105267,5.7652083560000005,7.77201006,-3.496484287,-5.1723756530000005,-17.5575665,-10.56064135,-11.43968499,-17.85244089,-9.945044618999999,-22.46276986,24.61040542,-0.640497415,-4.80561452,5.337182632,13.60894979,2.8401186039999997,-0.050437069,-11.44019921,-8.201242946,3.189516152,-3.589671653,-9.876645853,-5.9110044870000005,5.642752691,0.766757
-2.244946487,1.457573945,-2.742625353,3.880103077,0.207118628,-4.853214347,4.797254024,5.250462869,3.5586417619999997,1.2319263059999999,-2.615920744,0.547567194,8.296212241000001,0.9126156990000001,3.082401299,-2.508157605,-15.2566254,-7.850232411,1.692583124,-3.0989466039999995,-6.4303806770000005,2.186336821,12.12569366,1.6573201569999998,7.849103332,17.67162995,-2.8418286189999997,5.775543452000001,-3.2810273430000003,11.67927657,6.366291743,1.697428716,7.970703678,-10.94733499,-15.01196053,17.7095859,-21.78572758,3.2419337130000003,5.966182191000001,5.947984002,-6.2804396229999995,-20.18575998,14.58824432,-22.40069264,-1.7415017919999998,-15.09038466,2.1378910540000002,7.892943045,-8.511809995,3.962621702,24.04548138,33.51744622,5.858868557,-2.735084222,-13.71739086,5.361031762,18.76967405,-12.59902313,-7.434663886,-12.1287772,18.42565398,14.71623524,17.41439984,-3.945401154,13.25571336,-0.334521473,-7.41133026,-6.027446938,-2.167171208,7.950464558999999,1.119185243,-3.75495035,5.135209569,-10.52990312,1.332384786,-11.51419997,-2.8475072389999996,-15.71881779,-4.830150622,-7.333190237999999,-6.8635380999999995,4.734114912,8.745105931,7.9447420310000005,0.015074701999999999,-0.5186654
