label,PC1,PC2,PC3,PC4,PC5,PC6,PC7,PC8,PC9,PC10,PC11,PC12,PC13,PC14,PC15,PC16,PC17,PC18,PC19,PC20,PC21,PC22,PC23,PC24,PC25,PC26,PC27,PC28,PC29,PC30,PC31,PC32,PC33,PC34,PC35,PC36,PC37,PC38,PC39,PC40,PC41,PC42,PC43,PC44,PC45,PC46,PC47,PC48,PC49,PC50,PC51,PC52,PC53,PC54,PC55,PC56,PC57,PC58,PC59,PC60,PC61,PC62,PC63,PC64,PC65,PC66,PC67,PC68,PC69,PC70,PC71,PC72,PC73,PC74,PC75,PC76,PC77,PC78,PC79,PC80,PC81,PC82,PC83,PC84,PC85
262.89314069999995,-4.671848519,-0.698559723,-4.311155911,0.474456631,-4.159007309,3.0597857489999996,1.073650198,-0.586446609,0.5117917120000001,-5.667831144,-0.703055324,-7.30142548,2.961498381,3.504136735,-2.237681766,-5.396955908,4.491971559,4.092835722,-3.6425051410000004,0.288830734,-11.82781103,-11.04638975,-6.336880627,0.93340964,-9.778637212000001,11.10709879,-17.04956905,24.27205706,-0.892928251,1.862784459,29.17773997,-12.12756423,-13.01285631,-11.70985282,-3.279944638,2.76956381,21.74489547,6.1996467410000005,-12.30632268,14.61182592,3.0067385019999997,-5.635121323,21.393739800000002,7.156487882,-21.33391778,-6.5779979179999994,6.140453107000001,-9.841589746,30.26643677,-21.02337134,-19.578737,10.25996344,-7.52881048,-10.27887433,3.686523357,-11.46803118,-10.62524995,5.115760441,-13.5618241,-13.33150063,5.741851865,7.563711106,-7.315796145,9.045916004,-13.16093027,1.733028245,-14.80509,-9.89753947,7.439801872,11.05688859,-14.59768606,-4.192739134,5.594489521,-6.198837258999999,5.765445095,1.5480087169999999,5.683740677,8.897870437,-11.5818663,0.9583234559999999,-4.976204878,-0.585727834,-1.000462183,6.785593665,-3.572423984
201.9461936,-4.949521569,-1.089315497,-5.689023965,-6.663521001,-3.8570825280000003,1.291247691,-7.279033352999999,-7.024761671,1.893009694,2.429738656,-0.26148296600000004,-9.005974623,4.455867668,-1.5006495180000001,5.495713045,12.35662092,0.86014042,-19.73149259,-14.48546294,-10.17088532,-2.856351128,6.079068403,-18.88126802,-17.39072398,-0.186454604,-2.3112763,16.63049247,-7.751747172000001,12.51204244,2.664234289,-23.01086343,0.384581644,-1.75422417,33.86115239,-6.414505114,20.08890612,16.70319907,-11.30345879,4.4436860419999995,13.37052846,22.33383556,-13.62610831,12.61683203,-8.684822066,-2.792086967,10.01319857,3.036100967,-0.890843313,22.09493704,-10.9582692,14.20712615,5.468246419,-2.252397017,-10.03452539,-5.895623421,11.44183813,-13.91428632,-5.4956207820000005,10.0048403,-2.606853765,1.746990914,11.52812775,-5.861036811,-7.468192802000001,-9.616266612,-9.72282104,9.161187117,-15.09816342,-1.439539229,1.258645721,9.304657022,-10.89108511,-7.371068093,5.189018149,12.74469138,-2.578078271,-10.59756582,-6.497358339,9.146347055,5.843542502000001,0.030673016,2.540349523,-5.964506774,-14.96474138,-4.042314365
229.9687514,-0.11115126,-2.3665787480000002,-1.559854117,-2.794577565,-5.432646567999999,-0.608723306,2.434071433,5.436338742,0.311589155,2.6239092040000003,-0.240525057,-3.3777806439999996,0.26028004,-5.526749154,5.978817889,11.98979148,6.853587416,-4.925972753,2.476994472,-14.90370155,-6.417039025,1.526288411,-23.85690298,9.987975015,-2.56951794,2.3386883,25.80702556,-3.787695148,9.606687945,-2.080357319,-0.439588811,-29.80349485,16.33051971,-14.28179907,10.43435424,-10.59938141,1.512527399,31.39865344,-13.88370326,-9.383945999,-7.5522060710000005,-3.857720145,15.06238851,6.89922509,3.5480670310000004,-1.3241866709999999,-20.76792146,4.50228341,-3.707774104,-5.000362903,15.87585974,-2.6083452940000003,-6.845413496,-6.193208649,23.45433162,-15.92889425,10.83855082,-15.15530612,12.41058438,8.889299895,3.7014851010000003,14.6854199,17.45389012,-1.5234259719999999,-13.76323421,2.117320863,8.998293951,11.41335029,-0.064765091,10.09841631,-1.629984289,-3.8267294069999997,-4.220822895,5.61405412,11.506442100000001,-2.4803156000000004,16.38147196,3.3537021310000004,3.140068807,-2.460109601,16.79566469,-0.842763377,2.4933334190000003,2.02582767,4.413855617
249.0514549,-8.653028856,-7.808333949,0.247817412,19.58067285,-11.82427491,3.14928803,16.80319157,-44.97933543,-45.29751696,-52.99087242,-19.19759722,24.12838065,-35.21636901,21.32037279,-1.9924769340000001,9.448925526,-8.256002857999999,10.63667048,-3.3657579639999997,9.330616192,-5.452885587999999,1.3169399640000001,-2.316597198,1.4201759630000002,-0.368023886,1.661050673,4.2030798439999995,-11.487843199999999,-3.128764602,-0.169436007,-7.273783954,-7.590593765,5.918046461,-5.204947249,1.80723209,6.117781275,1.59480029,-9.821469155,-0.5237279979999999,3.93206027,-4.151142296000001,-6.967857004,4.485406495,-0.0050455479999999995,2.173946522,-1.55635235,0.804681883,-3.536347422,-2.07810459,0.544299811,-1.5983564590000001,-1.393279914,-1.4051204369999999,-1.6190227069999998,-0.33678129700000003,-4.2629153639999995,1.369958125,2.7228499680000002,2.3236043090000003,1.760016962,4.890483045,-1.176723136,3.438839212,-0.23955986,1.8013952869999998,-2.9632834889999997,0.002142889,-1.33477486,0.188810196,2.51074522,-3.270229128,-0.107265125,0.236523768,0.39553726100000003,0.38437350299999995,-0.41992760799999995,-1.524874455,-4.315542403,0.201139033,0.012930863999999999,2.645932174,2.161684808,0.8249812190000001,-1.884224871,0.306029809
259.3358469,-4.042205049,-0.830409862,-8.461787163,-5.224945672,-19.60251771,25.41644127,-8.484441715,11.12834352,-11.92766583,8.623455937000001,-16.42898798,7.625362655,18.49583411,-3.2268548910000003,-5.571927617,-22.062013699999998,-19.70510589,5.881259441,6.388032352000001,8.879309451000001,4.070354088,-9.814207996,53.41341746,-5.513726496,-30.56717046,2.739098378,11.13467104,-19.01647525,20.92691035,-1.3670585819999999,-4.411089205,-7.553605319,17.91552611,15.22337192,8.961160217,-3.528235103,7.739082337,13.93435681,-5.766594792,8.867578563,-11.70684054,-2.993378218,8.613544733,0.6200440220000001,-10.18495105,-7.345475161,1.640703297,-7.479294737999999,-0.9362545529999999,-6.079306052000001,-6.510092512999999,-4.487049269,4.435332638999999,6.558314919,6.465464536,2.037886399,-5.647366141,-0.662596913,9.352387942,4.092044957,5.0241392110000005,3.1202395,-3.2880926039999996,-2.734968762,5.906837614,-1.682085665,4.738852788,-4.880089834,-2.531253731,5.199820252,-1.209310542,2.197918247,-1.252738613,-0.68798915,-1.865940057,2.360955314,-2.520873078,-3.2482692510000004,6.789929607,0.121267269,-4.029391231,-8.874474417,-0.328352082,-4.033085895,4.80294756
239.7388759,-0.645208415,1.012233297,2.507055249,-1.568598399,5.29370953,-5.781472937999999,4.524409143,-6.814025088999999,-8.252223933,5.532451947,10.23847351,2.2998734119999997,-9.303954902000001,-5.725068475,3.995124433,7.151822729,-2.507195004,-0.319863556,12.46091915,-10.93796512,7.306325394,20.24159307,9.279582582,-0.348679398,-14.71376664,7.964461997999999,-25.9205763,1.4481325919999999,31.17442508,-15.370467199999998,-2.522019094,9.196233196,11.04946769,0.911649899,-6.086993416,4.729734743,5.495488395,-10.56182537,-7.587648582999999,-21.48354581,-3.1088459260000003,13.77367471,6.8614969210000005,4.916073378,26.34160813,-8.887804102,-11.91872886,20.10159297,-11.19077405,-11.66432573,-9.253593443,12.75290487,-12.01082557,-0.430846274,1.701488343,3.5692541760000003,-10.91950281,-10.22455578,-11.96890902,-13.73183652,8.261438776,9.366893994,-13.44255185,-12.28166036,-21.43756214,4.674828088,-4.091301732,-7.892704123,0.989599352,-8.015866303,14.65746119,2.481815815,7.832228832,-2.749299582,-8.705991531,0.105467089,7.27753225,-2.914823852,-0.942378755,-1.017295061,8.372499523,-1.068206315,11.44119786,-7.27004286,-12.25342004
253.3259253,-7.79575707,-16.98556605,-7.97338513,54.36712908,-12.05803416,-18.96564715,-67.18072128,41.48510757,-25.99119461,12.75700701,10.94125338,17.48230099,-14.88039211,25.19217658,-1.187061434,3.7218806630000003,-0.270799795,1.669101692,-6.4943902510000004,-5.851605067,-0.75276795,-9.823354449,-5.731985959,1.258122013,2.929026149,-0.40795378600000004,1.542206723,2.405348649,1.263338871,3.548347565,-0.640306256,7.710058451,-0.352765004,-4.2402724130000005,1.3384386609999999,-2.625268084,-2.049118467,-5.1346333060000005,-3.573319296,1.34781958,1.829998367,-2.4674806030000003,1.975171262,2.124127777,2.468207872,1.888987023,-0.8045349390000001,2.606710944,-2.3578692340000003,0.189647215,-2.914762125,-0.09629683900000001,1.305330325,-0.649231011,-1.822093,0.473763131,-3.275001835,-0.686433623,0.312390772,0.6327788520000001,0.044369871,1.7807303209999998,1.5345471030000002,0.5401284000000001,-0.16992335100000003,-0.652361463,1.0002138409999999,-3.27158152,-0.646638764,-0.7537742040000001,2.351983664,-0.528453036,-0.5044711789999999,-3.22520912,-1.6924008069999998,0.660430164,1.434171174,1.457020548,-1.3597843569999999,-0.17038358399999998,2.9011226210000003,1.486491815,-0.281934758,0.8333348909999999,-0.191263617
211.8382787,90.23698123,-0.570843888,-23.96246229,9.031876503,-7.617706051,2.002107995,1.51026204,-1.917716328,1.596435737,-2.250097525,0.802125124,0.662528076,-0.272280567,-1.188064208,-0.136115753,0.99503144,-0.215190892,-0.179907715,-1.7611442480000001,-1.004701062,1.27597612,0.807294073,-0.473656715,0.9163626159999999,0.162378001,0.369856853,-0.340183202,0.5471862439999999,1.114331527,0.65091975,1.270187671,-1.648266121,-0.648083605,0.803572952,1.359341022,-0.351321428,-0.06308625400000001,-3.0341625430000003,0.40974485200000005,-0.31940579399999997,1.357918884,-0.42331431700000005,0.16833142399999998,-0.90071631,-0.909601793,-0.685829135,2.7727405660000004,-2.0034035869999998,-1.8299066480000001,2.584112372,-1.109737437,-1.330695535,0.874631802,-0.624240225,-0.61020063,0.518166111,-0.9421760840000001,-1.5867675330000002,-0.524761622,-0.07504094900000001,0.720324733,0.9109926620000001,-0.311723099,0.615427153,-0.9024256409999999,0.9981025859999999,-0.32243535100000004,-0.335515874,0.525651752,-0.426149493,0.926415082,-1.3425683990000001,-1.151132673,0.0015173979999999999,-0.6872125029999999,-1.0742316459999999,0.26656862800000003,0.798143665,-0.348757528,0.7625458979999999,-0.04869821,0.421296221,-0.20559059699999999,-0.115233061,0.735437832
255.2162495,0.5417124879999999,-2.928190779,-1.3889792159999998,4.353340933999999,8.617882412,-10.15523162,1.9448370240000001,-1.723653008,-2.101637595,-4.241811861,3.3209575389999997,5.566683761,3.560864432,0.2547388,5.450896514,-0.892602989,2.9322039380000002,-13.75010542,0.7535436320000001,-1.628901313,-0.38623613,-2.721772413,-3.704115595,7.560324351,-17.76420586,11.00665255,5.868553102999999,-4.332229977,-6.508630498,-0.971843155,-5.371765525,2.215982355,-3.3002738110000003,3.522458428,-9.84193175,-0.589281599,-3.6048422510000004,-0.916576052,0.90327245,-13.01727509,-19.33256658,33.04817635,16.23171561,-4.916189447,-20.80388562,-17.67337504,-13.26330391,12.23616696,7.989689721,6.693141359,3.76165554,-13.59409452,-5.409501986,-6.326611712999999,-7.693953027,11.96393062,-7.073238471,9.886370929,-1.6262059969999998,-2.45415986,-1.509260513,-18.29230807,-6.879727565,-10.45380233,15.0355289,0.280281935,12.25855335,-13.21220408,2.359280049,-2.50884662,-7.126876277999999,13.20645553,-8.203726074,1.6727373280000002,20.13655567,-11.00717552,29.99718072,-3.5322589360000003,-9.338204522,10.78823251,-15.15377756,9.166670146,-13.78121443,1.4798220080000002,-3.16821677
254.0954036,-1.120596446,0.348427815,-0.7985486159999999,-0.46635158,-1.574153634,-4.605910048,-3.4165234489999996,-2.613862751,8.827879906,-1.133820268,2.49695838,3.037405042,-2.944979306,-0.228925997,0.8089874770000001,-3.3908243789999997,-4.532047863,2.118031674,-0.5129560999999999,-7.918421378,-6.413888652000001,4.538448579,-1.318808598,-5.404518332,0.940853333,0.858666039,-3.4974373130000003,-5.222929859,-12.44937518,1.7616704319999998,-3.543582677,-5.43673257,-7.463730842,0.17092982899999998,-7.849734122999999,4.316208663,-15.09824769,2.181802058,3.1462370219999998,13.88564402,-2.03066065,-2.456733575,1.63520423,-1.6257477519999999,-10.14687662,3.787137207,-9.059872264,6.6171763210000005,-20.68460189,-21.95292737,-7.204199357,-14.07083106,-4.55759059,14.44343387,-11.27415162,-4.955695477,9.558503269,-0.16688453,39.70332588,-21.71823314,-5.2787287460000005,-4.815390197,-16.17016363,-4.8377382419999995,-7.4916619529999995,22.11261663,-30.09964263,1.692621745,2.376160697,6.652158667,4.106311995,14.85698033,4.825761201000001,-1.103089205,14.27512261,-20.00539102,-10.60698384,11.47931478,-1.656925908,-2.461967655,8.139098776,-17.26016411,-5.094954101,-15.78110774,2.900955081
230.93375269999999,-7.086069403,3.939349445,-3.063845031,-7.695123896,-24.76077816,22.07996833,4.893140982,10.68974388,-0.526335714,1.503097379,-17.64308921,4.116150954,9.304312263,-14.48850087,-8.062891336,-12.25364908,3.76367598,4.506124966000001,0.6369677220000001,-3.4753290530000003,-1.198885437,-10.58989818,-33.57530258,18.763212399999997,-10.62321741,-7.307784431,-5.803559043,-8.205973132999999,14.44213947,30.69126565,2.9039319569999997,15.52598872,-13.10336651,-7.258553931000001,-4.324586538,5.179583983000001,-23.19994701,-8.609729767000001,-4.136202147,8.205211424,-0.661397519,1.902431094,4.958877975,-21.85674199,29.89018513,-0.513233719,11.09673744,-5.121951581,-11.22940672,-6.627797005,-1.106012274,-18.29149765,1.596655495,-7.634454294,9.912620518999999,-6.770458477999999,-0.611578146,11.09920267,-6.793964307,-6.779659892000001,14.4748574,-13.12198034,-3.173406702,-0.500231241,-7.454003673,3.945198853,12.39545874,-12.251660800000002,-1.321755054,1.407695138,-3.466196263,5.253353021000001,0.916541718,-2.693538153,1.3203444359999998,4.997937179,3.0028479339999996,-1.59480033,1.6369559669999998,-8.758733238,1.3947956419999998,1.244638292,-1.326877197,-3.197678872,5.347924295
231.8105187,-5.36843068,3.162980309,-6.6001135920000005,-8.220639208,-13.16774849,17.34628931,-6.671076622999999,5.468308127,-2.872792299,3.04845038,-12.21882549,-1.826506442,-7.223108756,-10.74880066,-20.26078525,-11.94611749,6.129122146,5.364889102,-0.0013818270000000002,5.944835727999999,0.74453012,-8.15226387,0.876675538,-17.36979933,19.18645054,-3.055682615,-16.94168482,-9.978249653999999,-8.101543531,-13.91070043,-9.566940248,-12.28797344,11.77542717,-7.914333319,-18.53890054,-28.89944562,-11.40473317,0.6742495890000001,-6.181483642000001,-17.23019382,34.66623642,-10.26417385,16.84815181,-2.984328244,-15.67545674,-13.73497941,6.1736445,15.24671949,-4.761101273,15.61215474,18.07331082,-2.646912285,-17.30649365,-5.781531856,-7.685752839,-3.1583711180000003,-3.7530037239999996,1.774609279,-0.5935014479999999,-6.009486887,-6.320700948,-13.94773391,-10.45414738,-0.46333043399999996,-10.01760478,0.507334258,2.072140722,1.959757195,4.229042891000001,-4.712778591,-7.193516211,-2.920448196,1.331049896,13.38293754,-1.523410944,2.617384197,-3.3980510539999997,-5.880361207999999,-6.40543606,10.91192789,1.6857713,5.7335967310000004,8.405758563,1.817675991,-4.74726941
195.2427276,-2.724432053,3.704571728,1.520360346,-9.770098805,1.130283119,-9.118226225,-5.2130781630000005,-9.323726717000001,-0.658398559,-7.520245864,12.03040251,3.32796156,-7.9791088960000005,-16.61624251,6.406556152,-2.272243637,9.452675405,-5.257006337,4.896174769,-12.34449486,5.624785617000001,3.9868469539999998,5.027061499999999,-17.79971327,-5.555411174,-10.38936963,3.283711699,11.02245036,-1.799120211,6.8590441779999995,-0.081273728,13.58039906,9.470190695,-2.281540283,4.49565894,-2.015222015,0.032223647,-5.576437231,-26.32436109,-1.211799608,14.06654321,-15.67180575,-6.612881419,-17.80297699,-8.518451917,-17.17498825,3.8135241189999998,2.25277979,-19.61672886,-11.4249969,-23.24004241,4.622768496,29.85154106,-0.850041356,-0.7787869759999999,12.31675251,5.228224049,-10.3555777,-6.895442997000001,20.06173806,-6.442098057999999,-5.427633198,-1.657573185,3.382855546,-6.1339131039999994,-7.546516255,1.798230288,-5.912396966,-19.04179203,18.44875848,-13.5267019,6.476475475,-4.599639011,11.13461504,10.82866412,7.2509258370000005,3.351785455,10.62777177,-11.37034361,6.758146906,7.034709211,-0.865267749,6.356863207999999,5.528882111000001,7.25806212
271.81638210000006,-0.361480268,-3.1746930069999997,-1.276609302,5.4184068320000005,7.160927898,-7.037527796,4.320082104,-2.74451977,5.925272105,-2.76988752,7.869607314,-1.838751104,10.66626551,6.555654986,5.642697705,3.132141715,-11.03831726,-15.73272589,-6.570369114,-3.0624333860000004,-16.81500798,-0.922559323,-5.84525786,-10.16835716,-9.367695722,-6.924766987999999,8.474901894,-1.511695147,-7.559967958,-9.233111949,-4.598213202,-0.817419105,16.36019595,-11.11958544,1.0335632890000002,-17.0564547,17.52434376,-3.1716528530000003,14.9240782,20.88036606,10.66781075,10.74674082,-2.190106514,-4.869324826000001,23.11830088,-22.35650423,6.811773346,15.50115958,-5.096553608,2.5898413469999997,5.154869856,-1.929811972,-3.7593175789999997,24.89071359,8.089338935,-13.04828563,-18.22347017,17.07142344,-13.82357387,-3.554965403,-8.013677532,-13.07847578,12.65851505,0.37301955,-3.2646734630000003,-5.300785332,8.780668605,2.693132769,-2.52012763,26.71178054,2.136398489,-2.754804918,7.853814142999999,-19.25605749,-8.073296304,-8.207520186,-10.80765621,8.631654672,-4.25062585,3.4658874139999996,-8.962495928,-14.29905889,3.804467318,-4.3822102119999995,0.060486005
197.9606052,-3.488018878,-2.16618806,-3.765670363,-6.541912142,6.195195085,-15.537575400000001,3.244827069,-0.45019772799999996,1.091285335,3.9447376380000003,5.541653091000001,0.12174385300000001,-8.745437754,-1.450308994,1.00021301,-0.943926305,2.162465642,0.141711421,5.785923832000001,0.137578483,6.152310605,-0.733436474,2.8120160260000002,1.161148682,2.8354637510000003,3.627671948,-9.071269679,-2.111556256,2.230675475,-0.119571217,-12.90658548,-2.9074236630000003,-21.09027238,14.09227499,-1.842259701,-5.377827825,2.112266224,-10.98912527,4.8663579519999995,-3.284863175,6.948602525,-2.365670627,14.06837012,6.41135984,2.579815805,-12.42281373,-6.408442339,-25.07713196,-9.278464769,-6.342277683,17.33229295,-12.10805395,6.981129403,3.160377088,0.323177791,2.493375855,-9.938913121,2.463845898,5.940048556,23.47477322,26.01801159,10.49192419,9.381291574,0.05798117,-2.2591264140000002,-0.395049761,0.788439152,13.03348676,-15.42834341,-8.580470043,3.412777993,7.874780615,28.75220044,-9.980436014,12.67253346,0.5567304120000001,2.467901461,4.556488087,-12.74301838,-1.47789549,-18.80648534,-7.481088542999999,-5.460403046000001,18.35406577,-1.76294143
229.25082510000001,-3.1629383030000002,1.6514631419999999,-2.7273540439999997,0.200743029,-4.611734674,-0.511595207,-0.887013507,0.804687244,3.563196427,-7.340141852,-6.023125746,6.61335391,3.293310852,-9.159555697,1.025398912,-0.35531587200000003,-4.15386558,0.487580245,1.196158868,8.655559954,-4.137863365,-11.75752593,1.2836142990000001,4.83979923,4.834728898,1.53330617,-2.970682538,1.3216139390000001,0.071615815,1.515624251,-19.10871955,-5.810157462,8.51217304,-3.040017376,-17.88140382,4.988769963,-1.627555022,9.592558267000001,-5.489286097999999,-0.416760376,0.833503777,12.19517022,-0.8286558279999999,-7.625926186,3.125622447,10.27536234,5.238046326,10.49981571,11.21812865,-2.7673318960000004,-19.92255176,0.736835919,-12.73418553,-15.89892855,8.979121327,33.5582475,-2.6656740290000003,5.867117433,-2.164912777,-7.973740542000001,-6.703244562,9.79608986,30.47579433,8.945125721,0.17580221899999998,0.534329615,-6.221972077999999,13.04410959,-2.63094064,-8.103343074,27.11826771,7.766090155,-0.9520483340000001,13.77173586,-5.788203332999999,3.555842795,-4.400275583,30.47928186,-16.73795242,-12.44155276,-10.65392793,1.25954159,1.616966945,-5.979177391,13.39350408
234.87367740000002,0.369551201,1.3404075770000001,1.335746626,-11.18616941,2.479699798,-11.80692546,3.696286316,-0.9071239259999999,0.6413097560000001,-9.665217155,4.873046633,-3.755547946,-3.443677152,-7.644046502999999,4.317091146,-9.961722424,13.78741888,7.620151197999999,3.218824479,-2.9204250519999997,0.338746885,-14.1381701,3.526507905,14.78855637,7.238446872999999,-0.915244849,-4.062137186,5.514151748,-5.257904052,22.07701148,-7.610793644,-7.9607897770000005,2.34061716,-2.915146975,12.88892071,-15.620896900000002,8.562489811,-2.101911145,-15.26215953,-6.417096475,-4.033900972,1.215400663,5.21728446,7.802204902000001,-0.513443862,22.20367377,5.040493315,28.033724499999998,-4.599389894,-2.915984012,-6.2676079179999995,10.76248104,-6.167137465,5.022171404,3.671953905,1.095951767,-12.06211821,-6.4332562410000005,15.35574342,-5.3313336,4.4723812910000005,2.472741698,-18.95940287,4.523594698999999,23.68952006,-12.41788571,14.39326402,-15.91009724,-12.84013585,4.932055137,12.32663669,-9.633786077,-9.368494627,-19.6122948,-3.4688197539999996,-9.866844909,-19.70177944,-8.214392712,-2.107127436,-7.6061106689999995,0.491300885,13.29786089,-5.681229354,15.21408412,4.919063272
232.22708340000003,-2.4807425419999998,-0.643471114,-2.932724022,-5.231138817,0.92577964,-7.845952437999999,3.8742484139999998,4.712985591,6.33217872,0.32971196399999997,3.639085035,-4.061444576,-1.722128431,7.987015716,1.802514314,2.935016516,-6.906543097,3.28254108,-4.110817535,1.120237363,-5.873544282,6.536473915,-4.81303324,0.427727189,3.3844326010000003,12.07128575,11.01061263,-7.713906867,-8.310233173,2.20800992,-3.402680788,-10.54237498,11.67507388,-0.029990799,-2.523178257,-6.049384439,-8.638914154,-6.71076134,-6.093485401000001,-10.5187451,-6.1967889839999994,-8.821339365,-1.791969739,-0.6283798389999999,11.66682961,-10.30454593,-5.104792174,-11.2439233,5.954934891000001,-7.16597827,-0.003239617,18.26126185,1.253618339,0.473803507,-13.30092874,-2.158596525,-13.01726416,0.924889588,-10.69462186,-10.96116396,-0.998683036,-3.0019484,-18.705547,11.91413675,-1.2169345,3.91715518,-0.36215352100000003,-5.769096847999999,13.21005902,-11.0708776,2.887825421,4.994468283,8.430866137999999,8.638742371000001,-10.95089795,17.98607868,5.055114659,4.038012671000001,29.65668428,7.4227884479999995,-1.952412386,-16.005439300000003,-20.71982405,14.51510106,44.07083927
266.38857590000003,-1.148130151,-0.67052605,-1.626453399,-9.366698694,-3.856267392,-4.55744311,-0.142735459,-5.253130535,-3.0524690580000002,2.733248153,3.311469415,-1.33040361,-6.555363122,-9.137780442999999,3.047095265,-5.250475935,2.741740005,4.521354172,-4.231923214,-1.02746362,1.5234219409999998,-9.232152803,-3.6005503080000003,-12.95508662,17.41805753,-15.64406768,13.34179247,7.781083746,13.69543103,-1.552066497,-9.548464426,1.326912888,-3.3804002389999996,5.569255015,-11.57041305,-7.615272233,-5.098572592,-9.509935139,0.517009895,-10.4393641,-9.719185774,-6.763851914,-11.14003054,-5.342024122,-20.35637015,3.4138152839999996,-0.5437016579999999,6.262194601,-3.71710706,-4.953914193,3.7211203110000004,-8.42757915,-10.70674786,-7.128400556,12.95526411,-0.183839775,-11.59314719,17.16466382,-8.728962954,1.781819364,-10.6995409,28.75689746,13.69779336,-5.677921287999999,3.5949904239999997,19.67069508,-8.342069775,-13.18849906,-1.7549442730000002,7.4345474529999995,-23.16263085,12.231879600000001,-3.434230575,-18.1369918,-27.09994643,-2.836524652,8.704124493,-13.39540168,11.71868021,-17.093526500000003,-6.208395969,-15.72716543,-8.983275687999999,1.4659647480000002,-8.574018526
205.1643676,-0.744144568,-0.262115651,-3.5285760330000002,-5.485415327,-2.921715944,-0.442202531,-0.323931239,7.370840597000001,5.443782959,-1.5188538280000001,-12.31109556,-2.164282549,-2.500273078,-0.030447317,-5.836842293999999,-10.19850143,-2.0769938409999997,-2.920072537,8.165561462000001,7.163871146,-6.117960711,-0.315628271,-3.874279998,-1.649678428,-6.771270045,6.359336798999999,6.770169644,-9.266196091,-4.167504589,7.8689423629999995,-25.73395588,15.37700938,-9.818099556,1.4525216840000001,28.61349055,5.2408687910000005,-3.4033020019999998,-2.007252093,5.413071819,-22.18014506,-21.10150044,-16.14317743,11.72340779,1.134274077,8.708387458999999,10.07016361,-4.818826624,18.29115428,16.48269637,7.021744153999999,-1.737978819,4.8914873519999995,7.884076213999999,-1.11998454,-4.409693222,-0.39947346200000006,15.20591619,-5.647599344,-18.21002098,12.545427,-15.51611896,5.287393351,-8.606519287000001,18.49074604,-16.33830687,0.967630518,-9.261719762,8.900359394,20.43281405,2.9556123660000004,-13.74559424,7.597189527,5.3331329489999995,-13.39975009,-1.9996821669999998,-13.74907699,-10.59277864,9.861300756,-8.366812283,17.03317907,-6.1750748070000006,-3.43980744,1.221803526,-6.82814234,-14.04464845
243.5630377,-3.3660809560000002,1.325478557,-0.9365222740000001,-6.625864518999999,-13.84642423,13.12902327,-3.2988473839999997,-6.116160751000001,0.209243496,4.890681965,-2.819704658,-2.917409746,-5.10352432,0.447653221,-8.353853863,4.785745552,8.549568528,0.26872199999999996,-6.708654291,-5.559313953999999,-6.978716509,-3.4807526810000002,-24.14820867,-24.46088787,-5.456302353,-14.83943316,-4.373488773,-5.48288195,23.41700096,11.34014323,26.50952397,-8.370782325,1.6273339569999998,-2.793517123,9.108356622999999,-5.159086069,4.071703365,2.2603283,-9.087841211,3.300389993,-14.838533300000002,21.8561796,1.5037963369999998,-3.776986477,-3.837227284,-0.705559701,-3.180361076,-9.671063603,-7.982930102,7.704446162000001,4.375192682,21.71055665,2.8297987719999997,27.45522727,-23.19919367,14.47859978,1.012254792,4.156953454,11.49961582,0.996902783,-14.03931621,13.72381295,7.3248483339999995,-7.342997259,5.848653014,-22.09150087,-0.5023371,7.664250472000001,12.24090128,-16.21586466,-7.51485328,13.41234975,12.98529306,4.037326806,-8.944898975,0.41543860299999996,-9.515543851,1.135644715,-7.518640295,0.43836301200000005,-4.048842474,9.467087624,-4.483635806000001,-2.714101281,-3.892265335
258.2872517,-7.171336816,-1.73897121,-5.829268404,0.077087643,-2.7421890839999996,-0.449031676,2.410945885,0.033597657999999996,0.918775545,-8.200592697000001,3.5241851410000002,0.790717948,3.575479665,0.644000072,0.395214479,3.4752263589999997,-11.19543028,-8.368956647000001,1.000710684,10.40910251,-20.40563778,-8.944656619,-15.56568047,1.921558031,12.47416813,36.22233945,-11.38558402,3.922130758,4.248441042,-16.69862789,13.93039655,3.97789527,8.008724962999999,38.48590272,30.51300955,-22.74925909,-16.12542489,-3.4797518380000003,-10.78580746,7.502891983,-5.845261852999999,4.378224467,-18.4730094,-5.178962548,-17.761387600000003,-0.5604114029999999,13.16075935,6.750329232,-12.05222858,-10.602096699999999,-2.204683298,-2.668420733,9.308261875,-11.80252361,-1.468569286,-5.982883633999999,4.798208515,-5.224560126,-11.94481698,-5.202270616,-7.001374287999999,-1.79876924,6.165847241,-10.74699278,-9.412145517999999,5.163724209,11.88817233,11.3009398,-1.491147825,-7.489396813,9.046134406,-0.7499775679999999,-3.9886568589999998,-3.124917637,8.806975657999999,0.348286376,-3.541136653,-1.196531877,7.469840925,-8.043474725,-8.983156932,0.6919814999999999,1.091285456,-1.5526709369999998,-3.479558298
263.01835919999996,-8.068412019,-10.93822578,-3.791168911,38.77281904,11.23215669,-15.58801134,14.652105599999999,-3.1072830089999997,13.50846413,-12.59042543,0.020278471,-17.93562484,13.02799558,-1.411498909,-16.324625199999996,-46.44205416,-6.6201995270000005,46.94690365,-32.38689273,-34.18489198,13.379865400000002,6.523177049,-11.68353901,0.273193025,-0.326829684,5.63881185,5.173858163,0.43786665,4.494480535,-12.18031632,2.325352853,2.650755744,14.47990697,6.670272878,2.8797821339999996,8.943596237000001,3.5920436469999997,2.521161214,-0.10116004099999999,-7.09186466,2.9019147660000004,6.141033383,-0.752143116,-0.078256095,0.85058112,-0.086260735,-0.8508928729999999,-2.3457318469999997,1.1991491090000002,-1.92126218,2.723678356,-4.166819762,2.857051549,0.875516547,-2.19604903,1.747432867,6.73080944,-1.49753991,-2.3022293990000002,5.201012143,-1.700059086,-3.100856359,5.008471363,-0.639751901,2.824269625,1.268983576,-0.53344428,-2.842016464,-0.41858469299999995,-0.318556138,3.307574085,-4.308193293,-0.120265476,4.457813055,-0.626650334,-0.7214712190000001,-3.877867235,-2.346740469,-2.6044545759999997,-0.19569183399999998,-4.136860079,-0.642173046,-0.729070944,-1.230483462,-3.7587153189999998
250.10086280000002,2.78030728,1.769796405,-2.7838954069999997,-5.944184475,3.360978166,-7.226425891,-1.98552442,4.530478302,4.116823278,-0.5434716039999999,0.833631908,-0.518826232,-8.403826536,-3.6349509510000004,-1.7767543319999999,-3.577060455,-6.881532751,9.136639592,1.794719736,10.22647299,-2.485577351,-5.229067815,-2.578115509,-5.561238738999999,5.750889254,-4.21467598,-13.44206582,2.428680772,7.381720571000001,-2.8920747060000003,7.127137453,0.073088305,-3.948224634,-10.20059565,1.8424760430000002,-3.5672334130000003,11.29309099,-7.011819752999999,9.162568787,9.006973245,3.401578305,2.541069334,9.856739023,-6.150592747,7.233029571,21.18948386,-14.43768499,9.651609232,10.30804755,-8.914021239,-6.325975001000001,6.533693861000001,2.760572958,10.58587973,5.955418387999999,-2.52966934,-5.416029126000001,6.797199581,-5.202115093,12.5626659,6.047369042000001,2.831852643,2.235990796,-3.9964564680000003,14.75388672,16.43617051,-2.220003299,19.34484385,-0.398358366,3.165491538,4.84865053,31.9928582,-17.22615177,15.27440296,20.82897646,7.645455123,-1.820361924,-28.25275383,20.58597577,9.507786343,-6.232774984,-4.767417376,28.36029177,5.259228164,4.423254646
254.28207650000002,-3.0439939910000002,0.941031847,-4.910850721,-7.4282617,-0.760397485,-4.726605087,1.867583675,5.273845873,3.1857437739999996,-1.377835071,1.993101416,5.683904182999999,2.7194321660000003,1.388041916,7.545344846,-1.209013128,1.89870074,-5.303530388,5.691950355,-0.775346793,2.422377784,0.868603067,-3.6255462919999997,5.279686022,4.260571941,15.81124251,3.1902496019999997,-13.91941067,-3.98002825,11.38587096,1.059154243,-5.565229672999999,10.0549051,-4.882702075,-15.65741483,-2.8073781739999997,6.286223057000001,10.34772316,-10.96076025,0.9159927990000001,6.176309312999999,-0.7252882070000001,-11.88973428,13.54150358,25.10895134,-1.893853285,-11.734829199999998,-10.15011283,-1.4764167869999998,-9.634000488,-10.47537858,-27.61696235,17.23231498,-14.33300249,-17.21372772,-5.345819197,-11.62116403,-3.5003817919999998,-7.7434510439999995,-8.495279024,-6.336641454,20.80645442,-2.8724822860000003,-21.21423033,19.57201812,7.026739872,-6.900399055,8.235193907000001,3.3675564689999997,-3.563513243,-24.20847479,-16.92496562,-6.68992451,9.654606614,-7.3643270229999995,-5.053573359,-17.75510313,-4.723886771,-5.643623798999999,17.78353367,-15.99031784,12.47247178,7.518649701,-4.762118031,-7.031914764
232.0803451,-7.351270091,-0.659148769,-3.442261207,6.995183883999999,-7.229960456000001,16.59097372,-8.722338847,-1.9840709419999998,16.67582361,-15.92123932,-3.2588149,-23.65700285,9.549654631000001,0.407909125,13.38695633,62.14131881,-7.928717985,35.59821352,6.4367483089999995,-38.15205505,-9.908328841,-16.06865306,19.34772987,-0.433183325,-3.2377306710000004,13.30744679,-2.932946269,-4.671327094,-1.41692503,6.765833392999999,7.138404614,0.202748837,-9.136498512000001,0.27056789,-5.160693736,-5.505081186,-7.118696142,-0.504573332,13.46646392,-9.68389962,4.285624874,-6.557261262999999,-1.879541615,-3.195113974,1.43314522,3.286857158,4.37823154,4.283088671000001,4.5326361969999995,5.722436048,-2.888482344,-5.378127716,2.315685873,2.496748045,7.728008617,8.266024309,1.225174873,5.201102988,1.452192441,8.92948429,-4.756304476,-3.661800586,-4.789718633000001,-6.78624757,1.175282564,-0.19336454399999997,3.923334965,-2.438828105,2.265263353,-1.027186097,-4.08762478,1.5288994269999998,0.850832165,-1.54564836,-2.030282035,0.6448524370000001,1.027218164,0.725566376,-2.20767153,3.8452276110000003,-4.711439918,-1.7605526999999999,4.723178241,0.738651938,-0.49249614799999997
216.5851498,-2.3331412680000003,-2.435646325,-0.19821324399999998,-0.5442669489999999,-1.204736757,1.072782944,1.253571206,-1.7868025630000002,6.021368281,-4.143050555,-3.461468772,-1.81114094,1.1940826820000001,9.454070564,-7.942423848,-5.199131543,-1.07656971,-4.13471626,-4.3506646689999995,3.1950896369999997,-4.323167744,-2.844124735,3.690049777,0.095305094,-2.812312822,-0.130446904,-4.013071555,2.296608941,-0.056364653,5.2198996619999996,4.404044805,5.464310241000001,-12.7423354,-0.9933266540000001,-0.929751454,-1.978699961,-8.792492103999999,-7.124870018999999,-16.24154314,2.739186468,-1.850498076,10.09798452,14.27339186,4.715218889,9.458016211,-7.3636379860000005,-1.5057363680000002,-10.23090762,0.198336672,-0.9357320729999999,11.74465259,11.90351866,-6.920291937000001,-8.466145669,14.81545985,6.527325342999999,6.05505675,11.08298736,11.964554099999999,21.60738937,-10.96437102,-6.89701946,-3.158145628,-4.799785172,-15.749095800000001,-4.297375604,-28.01942816,13.11026912,-27.27051923,-12.48991931,6.654793525,-22.85627362,-30.57887395,-9.887905666,-16.36344032,2.416281648,0.389692857,0.9675191890000001,8.934255848,16.86943292,-10.77235327,-8.220201954,2.157607846,0.77087372,-0.037534427
247.68042979999998,-5.878969012000001,-0.386348743,-1.8049679930000002,-7.009902164,-3.408776715,0.120629125,4.894040044,3.593300888,-1.520681999,7.4834534889999995,-2.0344231369999997,-1.882993247,-2.526719534,-2.774571943,-3.7921108639999996,10.09174795,2.145509506,9.031435008999999,-3.48397626,-3.151222142,3.808598963,-3.747705958,0.893137816,5.533023052999999,-8.186551215,-19.02454761,-13.86982152,-2.974703644,27.10664803,-29.34543371,-3.645381154,-8.276275388,-6.7571214710000005,-13.21700842,10.59974712,-0.79618342,-7.239679135,-3.7950173389999997,11.2259788,16.78424848,-1.432695256,-4.6120803210000005,-10.86604086,15.89938385,-5.85233977,14.37752077,7.673515999,12.93857477,-14.8927791,9.224254281,-1.288570966,-2.8161288360000003,12.44639715,-9.747385477,-2.1726554080000002,-4.528606104,-9.023182852,-3.5197626439999996,-10.63009861,-8.139388812,17.96277721,-0.882000483,16.77097318,20.31397784,-2.68487779,-4.279306,-10.15962444,-10.38725753,-2.733267592,-13.58879042,-6.689486657000001,-14.18235434,-2.82560307,6.551801352000001,15.76822988,-14.41987304,-3.559094667,-3.6052128939999997,-1.9035563580000001,18.99230063,-2.2411213,-3.166663877,-20.93474016,0.168409296,5.861155653
260.0085785,-1.206608608,0.130062559,-3.11017363,-8.243028692000001,3.589386367,-4.558892915,-3.563672123,0.703605446,1.195489456,2.133977911,-1.030240043,-3.2627295689999998,0.135201735,2.748539947,0.412850758,-4.719406783999999,-3.1426826589999997,-3.15805099,-0.861646715,-4.036271482,-2.454398891,8.442716848,1.159437394,2.127765471,-11.54198727,9.524799273,-7.392346354,-8.291489436,2.294592659,2.244480451,-13.80973681,6.12398127,-2.0563964930000003,5.576058867,6.001487448,13.33675879,9.990366587,5.086337287,8.137429842000001,3.2571431680000003,14.18371766,1.363876887,-6.13603952,-6.263295423,-3.497463217,0.537942579,6.3518464,-7.606484912000001,5.622758201,-2.9485552530000003,-2.613728852,-0.568889865,1.739926361,-8.247750992,-1.915875124,3.1306330589999996,1.829858116,17.15965925,-1.490298336,-7.05064108,-13.47582799,-10.24892821,20.07543694,-2.05358912,-5.391423929,-4.368882487,-1.356819209,8.654669572000001,8.445666263,-1.92192122,-8.140243505,15.90280112,-12.34598315,-3.01108441,-8.519716916,-12.80473822,5.504762519,-21.63357128,-11.95081071,5.9881309929999995,39.43017605,10.70743184,1.806104865,22.06349839,17.86453049
258.4914839,-3.9785464,-1.9070680469999999,-5.741854516,-10.79994898,-21.07758976,20.57597041,1.966472686,6.002140916,-16.0872471,-3.0055094280000003,-3.391925802,-1.998339266,9.388485676,-13.21759165,-4.474185102,2.1398342969999997,32.80278656,-8.535875806,-5.497655486,-7.527830152000001,40.05974652,0.320231423,1.646186956,20.52994824,11.70520587,29.21908622,22.00806419,-12.38705966,-20.10411978,-26.65537748,12.76246028,14.39791759,-6.093939499999999,-1.442736267,-4.231148439,-7.613316826,4.061704246000001,-16.75652898,5.304498679,18.96226019,-0.23895253600000002,-2.2594191969999997,2.285925109,2.563721825,2.597375825,1.5506540780000002,-17.08479476,10.13776966,2.430270839,-10.659764,-5.38449981,13.39238162,4.02010943,11.18112708,-1.33574302,2.788758587,-3.73798307,1.977399514,3.706806851,5.203874954,-4.557690913,-1.4059842580000002,13.18877799,3.9793886830000003,0.42498159999999996,0.40420617299999995,-5.896638017999999,-2.032541708,3.3160740730000002,-4.271199223,3.95986813,2.7052664930000003,5.667568041,-6.590149281,-6.424533157000001,6.9100931260000005,1.380032036,-1.8533711069999999,-5.737099904,0.385490104,5.417449867999999,0.62792441,-0.114689625,0.186098793,-3.4766322589999996
255.3067801,0.10203143,0.34937642,1.9809609430000001,-4.218046641,-0.549138346,-0.732596111,0.34874623200000004,2.1774573459999997,-9.893684737000001,2.849983295,-0.31962360300000003,2.881926656,-2.972894698,-10.22226162,0.521669999,-0.6896351270000001,-4.0670416089999994,2.29453399,5.479679282,2.548907186,-4.081103434,4.789076333,-3.132751017,-7.552852756,7.558134839,1.9902920990000001,-4.998560076,3.7706381689999997,7.134145874,0.22329384100000002,3.904557759,-4.058467089,-5.716184654,8.221188955,-18.30927267,10.97638655,2.629947142,4.662314301,3.638422203,-7.583601525,-6.365758227000001,11.69731569,-9.931361785,-0.35374986,1.494467824,-9.575703269,4.327095213,17.3296134,3.35942441,5.928005269,1.347363558,-8.832895095,7.307377186,-0.542520535,-0.18904036600000002,-15.23731492,16.58899809,1.4862202569999998,16.14922876,6.941769797999999,-2.440221511,10.071178999999999,9.642229117000001,5.769538661,2.641429195,7.331240351,2.2300622000000003,-11.25445133,13.37133725,12.66797948,15.68913521,2.777945297,-7.004702595,-14.65733124,9.093921687,42.05742657,-20.18360188,4.883104649,-10.69504421,30.87758731,-0.578986157,-3.6711760630000003,-16.04584039,18.28081813,1.5299485330000002
241.86733059999997,-5.2166947210000005,-1.746173135,-5.021573173999999,-8.318340426,3.5551289589999997,-12.74035182,7.981418016,4.263326377,-5.746471455,-2.89688432,4.8971351489999995,2.3659236619999997,-7.576628972000001,-3.2030350289999996,3.091251803,-11.22426001,7.7250744010000005,-5.36339051,-2.631424061,-6.033465479,8.924569642,-13.09171845,14.3213611,9.484402187,4.522385711,9.466961432,-9.615505057,5.860954572000001,-0.104340314,11.30647049,12.66430349,-19.44398662,-9.426896345,-3.555758693,18.72051813,1.122784133,8.57896931,-1.22605488,6.062430507,2.296521819,12.62579044,-7.402871877999999,13.02690891,2.772786457,0.942449126,7.63775887,-0.372944375,-10.09822176,-4.459797883,14.94062265,20.77528006,-14.76367595,3.79832099,-0.27787536,-4.669060672,17.25797525,10.0345914,7.578089909,-12.22417556,-19.1087165,-4.725514343,1.131372061,5.544884701,-2.836820148,0.397859155,-2.012878261,12.37827747,-8.483907489,-4.94312877,6.278843722,8.322549224,17.88064857,2.835710044,-6.31881275,-2.8033655110000004,6.457766294,-0.820222393,26.14722304,25.87532281,17.88248625,8.087035722000001,-0.507147039,9.448231100000001,-17.79009716,-8.089450726
239.8552328,3.416925473,-4.9925061710000005,-2.225190741,2.0252180269999998,80.82117964,55.58799652,-10.33919344,23.18849896,-4.739476794,-12.35730505,-13.54743339,11.30614305,-23.03564085,-19.7419854,1.469089916,-0.966774789,-9.439386111000001,-8.678362046,-8.737552842000001,-10.11679671,1.360369635,2.676510107,-4.580857911,2.43104902,-2.297705701,-2.443848532,0.5269576260000001,3.964961036,-4.575947023,-2.563850451,3.577105412,-1.55357672,-0.40782015299999996,-1.565636829,4.182484013,-0.182132364,1.404637177,-3.977979455,-1.969551162,1.7901144690000002,-3.676352072,-0.8258726120000001,-0.115471474,-2.1995299580000003,-0.63569712,3.605177648,1.665045739,-1.9444678830000002,-0.827926052,-1.9318743390000002,2.144243676,-2.8800884260000004,0.120395234,-0.055956765,-0.042998275,4.433635608,-2.2521902959999998,-3.023227471,1.5148732790000001,-0.519816071,2.145021295,3.406409758,-0.148233984,-3.669919852,0.50452423,0.083756195,-1.188922534,-0.34664476,2.220050084,-0.46166996899999996,-1.331742505,-3.550949728,0.5879334860000001,-2.564439048,-3.615452113,-0.310519202,-0.99707076,0.259410133,-0.021520904,-1.031180248,-1.3985612090000001,-2.7089933289999997,-0.033457527,2.092358236,4.108895874
262.8659908,0.9074536390000001,-1.3235142979999999,0.257876536,-4.121585805,-1.8786016509999999,5.034075511,-3.72839339,0.39031126899999996,-10.26894853,1.833640832,5.951920551000001,-0.443388016,-6.701264922000001,-3.379658187,8.351385535,6.553564924,8.307500276,3.032868684,0.567074315,-2.531871083,6.940195225,-4.0604134510000005,-0.651289176,2.9616846110000004,5.662447973,-2.824548155,15.12248414,5.092359674,-0.672212818,-1.47189612,2.198957471,2.123319459,7.647883524,8.466666322,-11.79847766,21.26483226,2.368561497,16.04165513,9.540099855,-10.10655617,-11.2863304,25.83743111,-1.147562959,-11.20516167,-11.78405975,-2.036588475,-2.527165954,4.792444403999999,-0.658402076,4.487900787,15.65522126,3.391525235,29.64643127,-14.79866967,12.59463002,-18.9564579,-10.407960000000001,7.342131633999999,-4.52581783,-18.91881632,0.10906925099999999,-13.5911655,-14.09792954,18.75224396,-5.084214371,-20.64035838,-15.7847955,6.077108202000001,-15.67571355,-3.895795684,-5.821667401,8.047439306000001,2.291116941,12.17921123,-1.471829127,0.525075265,-19.48549657,5.868492675,15.25912261,-10.2782882,-2.862943371,-5.557897744,16.59512608,6.54239132,-12.18099827
242.2593765,-8.64288473,-10.44872717,-3.393279185,52.785220900000006,5.867526017,-7.674509401,-3.723198707,-12.1641614,-3.121490544,2.606729354,-11.59016514,-14.29992687,16.30695181,-51.13090461,-17.90579824,17.33905503,35.16262582,-4.528344016,-18.72928763,29.80003997,-28.47277014,22.552591800000002,17.56689386,5.09369428,2.3225952380000003,1.7081168569999998,-3.428843169,-1.170104361,5.233325101,8.769381944,-10.175020199999999,-2.456172562,-3.5944608689999997,-3.325788337,0.7338971759999999,-2.185251526,0.008091187,-2.002602387,1.6398748859999999,5.3018884680000005,-2.9319364269999997,1.656717496,-3.6703343889999998,3.341589377,0.658485204,-0.64497254,-4.727207567,-5.667557248,0.455434296,0.545989177,0.613980014,-2.189835775,3.226189999,4.317449251,-0.281664929,-4.616615518,4.066150809,-1.171037109,-3.207722113,-4.531195875,-0.223387909,3.7947076139999996,-5.931104068,-2.4871419759999998,0.302088801,-1.6384438780000001,0.346515804,2.831594355,-4.66491726,0.29319780100000004,-3.4890580069999997,2.663980834,0.989877027,0.699475576,-1.401526071,-0.052866566,0.934746418,0.031307377000000004,3.78786467,-1.250939942,1.1551113659999999,1.074071004,1.065177998,2.227069652,2.1150219740000002
240.4525,-0.33353299399999997,1.780181578,-2.542782288,-7.990409218,2.4901888999999997,-3.759713183,-1.4758353080000002,-0.37366480399999996,4.090132465,2.172134272,0.306765665,1.442686231,0.9947356629999999,2.539524251,2.881198832,-1.445961609,0.172139724,2.26592461,6.320216804,-2.013139264,-2.096030833,-1.9283458130000002,2.833493045,4.440719945,-4.203099819,-5.8256717060000005,-5.503227182000001,-16.28225897,-0.594324605,-2.47473206,-5.57329578,4.666091101,-4.708865415,-9.243494807000001,0.104440164,-2.593906193,-4.762032178,-10.80431708,-3.800251783,3.51224739,-11.21969966,-3.530212536,9.504701626000001,11.23244726,-7.956365835,5.65501132,13.36290546,-6.565673535,4.5751157860000005,-7.378566899,8.630179537,-18.11231932,7.1752469670000005,-1.084224822,-0.769411385,-9.927915525,1.098616847,2.659962491,-8.744131525,0.416738905,-23.199401899999998,6.371285325,0.5711397970000001,-15.23349072,-0.926418097,-12.85080034,-12.6713162,0.250178302,3.6212554989999997,20.876354,33.37780208,-6.318280839,25.99440064,24.79824082,-8.688585944,-7.706675262,0.051184793,-3.7947672999999997,4.385236935,-8.872387658,6.033695527000001,8.834645457999999,-1.87731511,32.02017999,-9.019969452
204.5927589,-4.590015193,-0.30141340899999997,-5.328710588,-9.255143018,-3.5920012239999997,5.669983447999999,-3.681301185,1.887195621,4.343774268,-4.700741501,1.361930686,3.2128951760000004,-2.806104944,0.73559976,-1.38323778,-4.197856166,-3.344711677,2.7456465580000002,3.0186284839999997,-4.1927803489999995,-1.682613804,7.50056441,-12.41038097,-8.139744141,18.94274938,2.994542723,-2.333480631,-20.51203337,8.221079495,-0.392320471,-1.5645137530000002,17.76999645,-12.4361877,6.8087270570000005,14.25101651,3.04334284,8.063004962,14.89229305,3.093695701,14.24735951,2.679893157,0.14339534,-16.66089914,2.129829107,-10.99286685,-23.321936899999997,-23.02925206,-2.963796082,8.652625086,36.92182784,-14.23897963,4.08130168,-13.55028232,5.0382598,20.53331199,-2.486887129,6.786710754,3.1016956560000004,-5.700105847000001,-1.8103276259999999,16.20073878,10.906932099999999,-17.55130004,-7.838586329,5.978790612999999,11.46210671,-8.692726769,-11.39300253,-16.29401617,3.054171747,6.625986155,1.0509911379999999,6.25472558,1.944555495,-4.649554575,-13.291497699999999,-3.795865897,13.98031388,3.2882743910000003,3.816797624,4.162424003,18.03129614,5.982699299,7.552412682999999,14.50605215
204.5427618,-2.39783317,-2.739742089,-4.242613262,3.9888525880000003,0.8157026709999999,-5.235233663,6.467282385,6.631377037999999,0.360397519,1.218977303,-3.454181821,1.33949994,8.481817069,-6.363375903,4.764031683,-10.61613324,-14.78888593,1.8084429119999998,11.80789515,7.0632767670000005,-31.97887233,-11.11470982,2.902171778,21.654717899999998,-6.38976191,-29.67225813,11.23282553,-7.298713972000001,-20.75668398,-2.952574058,33.40694844,-14.828276,-1.000330655,19.41499468,-4.246880954,20.44108993,-1.846595484,-21.70263765,-3.4136558810000004,-0.341188792,13.25898442,-10.29566057,-8.962176781,16.72621498,5.062191803999999,-9.68834393,-28.89012133,20.75873301,-4.136960929,7.269866607000001,-0.231967913,1.4066780419999998,3.0552432310000004,-4.6886753610000005,-1.80331452,13.92690258,-4.808594081,7.732074367999999,0.86288933,9.881974036,-4.488899818999999,2.9984715439999996,-1.2309636999999998,6.788354677,-12.41088767,-1.290549734,3.861573935,-2.47760625,1.8262006659999999,-7.6186228279999995,-1.473963004,0.987103273,4.233457587,7.363882543,0.569598571,-3.0789904139999997,-2.149422159,-5.794805082999999,-2.37268883,-9.238338726,5.8794042289999995,4.272269671,0.278147908,4.145349475,-5.062668329
277.337344,3.462427065,2.074075799,-4.288209958,-18.78405034,24.66979776,7.352499022000001,-4.047420365,-1.041195142,-17.85615321,-9.214871757000001,-3.10431769,-25.4887534,25.40846684,54.34867301,-22.44806112,-6.54293518,49.17238171,-12.7854162,6.78284202,-9.802551074,-18.7188312,-8.086566906,7.709202816,5.236735167,-2.047102515,-7.509127297,-9.287909411000001,-0.049187975,7.408141965,2.018623312,-6.531728469,-2.513098003,11.01779505,5.317000531000001,-2.186385468,7.348522237,-10.3765825,-7.606654247000001,1.4569872190000002,-8.35926403,6.705896407999999,0.165619994,-10.30699599,-6.088406303999999,-2.7160203430000003,-1.263387084,-6.169275481000001,-1.4427361630000002,-1.325426643,-1.4288705590000002,-2.648003859,-4.614060461,1.877836354,6.572541219,8.241619747,-4.38902968,6.364437962,-3.501050383,-3.342522217,-2.206542899,5.589442067999999,6.041923842999999,-0.009995238,2.69970818,7.757736174,2.436049223,-3.499706002,5.029838379,3.512004681,2.382154743,4.278499954,2.49984338,-1.323078006,1.139546672,2.895263664,4.72796342,1.6551499230000002,-1.6455487880000002,-4.346492999,-2.142765198,-2.676008972,-3.598073114,2.51534276,-5.7354056170000005,4.273018047
265.0537632,-4.422561159,-4.362638811,0.6801819920000001,4.915002906000001,9.650813021,-14.2830244,1.293944512,-6.130277826,-10.88573165,1.461177416,0.879193527,-1.4492782480000002,-2.018755982,-3.619774405,9.230607698,-4.103737451000001,9.934707223,-5.587613645,6.817786194,-5.298911108,5.831033004,-1.099451631,-6.086379315,28.01622492,-10.41031553,-4.720106457,2.663935344,6.537754057999999,9.592248752,-8.58111542,-0.782249695,-15.07135467,-25.02347053,30.08061509,-12.42056752,-4.757738088,7.561854975,25.84766543,-4.080968725,-0.876120169,-5.6740785879999995,-16.87601829,8.052769357,-8.59263796,9.277945046000001,-6.3497247439999995,38.126987799999995,9.192802466,-6.919146947000001,19.09475991,-3.789398158,11.13742845,6.192923355,18.33716993,-5.714586825,-3.918204779,-8.802754781,6.374071474,5.389623606000001,9.907075897,-9.763371004,-4.548760111,-5.6765838770000006,-1.527041046,5.889163961,20.4107438,-12.19109645,6.949977491,6.408235792,-3.478832606,-2.251457045,-5.561987337000001,3.180680288,8.359337786000001,-7.283504399,0.192498203,8.472700717,-2.179685939,2.335406018,-1.968740084,1.050341921,9.352671387000001,8.673073046,-7.777022065,6.128859653999999
230.4193377,-8.583268477999999,3.109564612,-3.7956956510000004,-8.563361871,-10.68039272,3.274772532,-0.82752738,4.84113335,-2.192244479,-4.329620953,3.4861324010000003,1.146613654,-1.239249304,-14.27644853,1.460440739,-1.1024811909999999,-2.039580932,1.542442893,4.453198388000001,-11.36710027,-2.035585714,-7.981134182000001,4.545225073,-1.452060048,12.6659981,-3.188554714,-2.157393753,12.44662273,0.92162761,24.41265383,7.0833077289999995,-5.244297242,10.17329811,16.85589475,-6.195235072999999,-10.01121759,19.98976045,-21.93731763,8.511673758999999,1.746018878,-15.72074935,6.160580648,-2.358163076,-12.30621808,2.30512744,-7.513977961,-3.787257825,-6.067216585,3.954197013,11.04432674,-2.559214054,-14.24716747,-16.44484951,-2.041792313,-16.11379496,-12.42296141,-1.817048988,-26.16569424,-15.22747446,7.228019693999999,3.3877008060000002,-8.892233049,1.7314113130000002,10.317737699999999,12.92587483,-6.63914755,-21.89253875,19.327254,-4.178339853,1.069882527,13.01335402,-8.576912526000001,-6.3922864729999995,-0.803614795,0.8877474009999999,-6.257039226,12.46421639,-6.188681523,-1.498955075,3.60107071,27.52945425,-10.78196183,-14.88535155,-10.42306731,-5.313867396
246.38428650000003,3.72812103,-0.514251134,-3.0782953510000004,-2.2706224980000003,0.374367206,-0.705195688,-4.321206887,5.545732667999999,2.7248037569999997,-1.265237608,-8.221888805,-5.379811775,-1.471581448,-1.6709410530000002,-7.61362265,-6.094799752,-9.40472641,1.48305114,13.53937045,-2.5295428280000003,-3.592484273,-4.156730551,-0.441154815,-1.003219833,7.217605784,-4.723336091,-24.35256756,-8.912612011,-2.540363401,-9.383841663,-7.284081016,3.168412094,-15.99135095,-4.353636312,-15.18901733,17.93647879,16.75775624,0.10815295,-3.833797988,-1.278208363,-11.61699284,-12.34033905,-1.9392354569999999,-5.343234606,-3.420124808,7.490684637,-13.62739795,4.281474371,5.068793143,-9.618105821,-4.820156218999999,19.37866046,2.763427543,-2.143241199,4.108600398,-30.12115929,7.433784648,-6.202059215,6.399802468,-5.082459025,-20.58399986,-18.00815674,10.60572113,-14.87571902,8.279373115,-4.574995521,30.87802324,13.34761449,-25.43893594,-3.267217047,-7.648778416,-4.693616231,15.672120499999998,1.958368046,-6.863426216000001,1.8065982669999998,6.117818165,2.97926693,4.08882991,1.5382616980000001,-6.710248205,0.146714354,-16.83346073,-17.67169215,3.034149892
260.8142398,-1.651293457,2.1535825490000002,0.21201624600000002,-6.098330545,-6.29168525,5.428634595,-4.878682669,-5.1115659010000005,-1.554016179,2.9235057369999997,-4.938917878,-3.104508695,0.640074943,-1.870077196,-9.264219789,7.943365565,9.250004773999999,8.815522888,-3.081456754,12.36490533,2.311157101,-12.35773823,4.404690533,-23.66393714,7.48945461,4.002472952,-7.168837739,19.03616833,-27.02319071,-16.47572712,6.678181831,18.56860141,-12.85024385,-4.595090073,18.79109401,38.65425251,7.08626842,22.86571427,-13.20303871,-9.966895611,-5.362276122,-0.46388636,11.97375621,-5.440032368,11.61190996,-13.0493847,1.645944557,4.839626417,-15.43015325,2.265653064,4.36340821,-26.25274457,-9.894686342,12.02510615,-4.146909814,2.579155942,-19.17925156,-7.062424537,-5.260957583,5.213260897,-1.445228468,11.11623446,5.537045589,2.9616754789999997,1.9262810819999998,-0.16759353400000002,7.629060911,-1.091123192,9.588860047999999,-0.7685864,8.129605507,-11.0060336,-5.941168325,6.402614082,3.251354965,-3.559154757,-0.229815414,-8.537896064,9.562585671,-10.65362004,0.7399481929999999,-2.630880369,-6.195908081000001,-4.731879412,10.07021187
257.6309096,-1.3676638230000002,-3.1894626560000003,-4.107674314,3.3241220210000004,-9.199614476,9.482402419,1.382793304,-3.137724822,0.9129055290000001,-5.775790737,-12.29610277,-0.338518461,5.079374764,6.615690547000001,-7.010089591,2.335615116,-7.887055817,-4.654102384,4.2173055260000005,3.246206574,-4.822381575,-2.654507805,-5.7996916160000005,17.20960368,-10.46719823,-8.945770131,-9.775887546,24.49785997,-12.23213822,14.61535547,-11.82384794,35.24233588,6.109547397,6.859521407000001,0.25947108,-19.62699454,30.21909521,17.86451742,10.7534227,5.635161005,11.5062254,11.79969376,-8.779914455,14.74800223,0.475376404,1.677053785,-4.65550989,1.794593023,-18.08903933,-5.3655004669999995,16.76638405,13.1473593,-4.766435811,-12.965541499999999,5.664960501,11.31147902,12.99967357,-12.09392875,7.013753909,2.314084507,-7.193833195,-0.406729567,5.852653271,-0.17152807,7.705076491,7.197864627,-11.92103041,-17.68718247,10.95697567,-0.549117796,-7.840498888,-2.569380176,18.38294068,15.17021806,4.268687334,8.108986885,4.362293619,-4.744725617,12.76447005,3.6826149010000004,-4.56357025,-6.49738783,-1.004467567,2.580022234,-3.3870939
265.3489142,-7.393324396000001,-4.859859897,-0.499575176,7.206630998,-3.31107757,15.83624466,-8.81726334,-14.50121145,49.43981905,-15.14134583,15.50229726,72.89200718,21.63765105,8.500662454,-2.057058196,-2.857957351,25.66470382,2.3445204040000003,3.85790624,0.190066003,-5.832018013,2.9520571980000003,5.75604725,2.2114939209999998,0.059836988,-1.747681188,3.863635439,7.621732644,9.815644206,-8.226893346,6.325294382,0.745388976,-3.630321424,-0.753129591,0.011809117,-1.28012079,5.742404037999999,-2.186134677,7.674611468999999,-17.38431086,2.1385678759999998,-7.454442843,-1.213847211,-2.4742086469999998,1.428111652,3.017041346,0.781962398,-2.86990652,5.946677533,2.1136583,5.425442187000001,4.35034633,2.222162702,-0.78962792,-4.417342754,-7.911203819,-1.2918901000000003,1.5743343509999999,3.869608963,-0.36686490299999996,2.565889942,-1.7760145530000002,4.792180504,-0.139587082,-2.278563437,2.518685851,3.262933882,-2.7814422260000002,-0.123132805,-0.21561861,2.615619962,0.908942356,-2.722386302,1.0589630509999999,0.5498414779999999,-1.11975027,-3.462586537,-2.150883789,0.962243857,-0.450729437,0.635890957,0.253836765,-1.9396499059999999,-0.971600175,1.157539977
194.47696230000003,-1.354731455,2.7726781419999997,-0.29354727399999997,-4.114903368,1.6688692999999999,-5.107721818,2.919479079,1.461702703,-2.321597867,6.504855185,-3.012451992,-2.685766862,6.453131699,2.4242251009999998,-5.398298658,1.7351251490000001,-8.284701256,0.394660096,-0.410785191,3.192334672,-4.092086659,-1.367601496,6.893953175,1.178320999,10.90661024,-3.887599474,9.884526947000001,-5.695106022999999,6.69683785,0.642849864,4.5958232489999995,8.008915101,7.19706356,-0.692622447,8.488359443,12.46167335,7.59820926,-10.18886038,13.58084931,-2.300747486,-19.82464161,-9.619314251,-8.659188217999999,-5.55717697,-5.3215972780000005,19.01691716,1.8467923730000002,-6.594508708999999,-18.80397564,-14.1626269,22.74861434,8.573944689,-25.92997943,4.631143572,-7.503595552,-8.018904929,-23.54219311,1.929561193,-3.150242098,4.822124732,3.1608261619999998,-14.0951046,-3.5098191880000003,-12.07413512,-1.9663849430000002,12.67798813,-3.765042065,-2.29187405,4.934739854,3.715290845,-11.55020493,-8.690390112000001,-16.26160952,7.764417687999999,7.619234584,15.44634028,2.277921793,34.33684257,-18.05992745,1.114272861,0.793725083,19.8964477,16.17848808,14.77378375,0.081429534
242.8997538,-1.8159393169999998,-1.2495710009999998,2.037977882,-9.833060023,4.658192067,-7.88319997,-1.919653342,-1.169546515,-5.133896812,8.901769703,8.915993212,-0.0067844080000000005,-3.213409869,-6.133251844,2.590046411,1.8680188009999998,-8.912984898,-3.972165232,-2.247673319,2.862217245,0.9578525859999999,3.0863729889999996,3.651985209,5.851748092,2.9239456460000004,-1.768529798,14.53953195,-2.437617006,3.803763312,9.213483316,7.249602706,1.913800472,8.415758297,-15.58997952,-6.547400729,-1.070864415,10.86056282,-9.277930846,11.1885203,-6.531275624,2.02806005,-4.500226884,4.925051539,2.738381915,-15.68126545,-2.81903503,5.644467224,-8.47142455,-0.394817221,4.879885396000001,-7.795067035,-11.46402626,1.068868973,11.85185496,13.0683225,-11.14680093,18.23290063,-7.162302611,-12.80626622,5.7321017,-4.194417432,-8.592304983,3.3584229310000002,-2.111873347,-19.09548311,1.05215566,-12.59395956,-9.132002649,9.227176219,-6.284578913,13.8953643,-1.188870846,-1.1602712309999998,0.46044561700000003,6.093173972000001,11.46671646,-8.826383927,-20.57831189,-2.6377373090000003,-14.31136406,-24.91273438,29.46951061,-3.511850709,-29.78035599,14.62061947
223.0609418,-3.166630245,-0.215592755,-0.856709956,-10.05408313,-1.483582195,-4.023386943,0.421795417,2.2886517509999997,2.6563279669999997,-0.15578639,-4.0383506780000005,-0.890754267,-3.5833625089999996,5.494367137999999,-4.303337523,3.045276673,3.2557682860000003,-5.805264585,-6.164384716,4.032000928,-3.6956875589999996,10.31129194,-7.35180791,14.88544901,-4.141683582,-6.715126709,4.9038710089999995,-11.75769649,8.107114725,-8.851852511,6.5637807210000005,-0.551999632,2.1671830919999997,-24.33488753,-0.234605917,6.158627455,-1.8934108319999998,15.30351502,16.33218321,1.247904924,17.20794884,1.743290561,4.682893704,-14.45029152,-10.63301461,-1.038630227,5.470629538,6.376522243999999,-3.840969484,-10.24723223,-16.59366215,-1.6181301819999998,-3.004210217,-4.696415019,-12.82345942,9.841579549,0.105421605,-18.61728941,-4.753998796,29.40161091,-6.060715592,-10.07286221,-12.00313762,-15.94168198,2.484105869,-4.082945533999999,-2.345455961,-0.538471512,3.278912845,-3.299662487,7.188572538,5.4727822989999995,-8.827714602999999,-14.309237300000001,-1.503952212,-5.664199872,-4.296490517,10.83025517,27.09034573,-7.624558098,-7.159930587000001,-2.338721973,-16.27313464,15.38702384,-13.67717525
223.1860589,0.297116314,2.204772571,3.4384696939999997,-8.038817396,0.787598864,4.254201139,-3.3046872730000003,-2.25702281,-2.326498091,1.80695202,-0.48909925299999996,-0.592057966,-7.125422234,-9.240340038,13.5555834,1.563465464,17.04514127,5.106266806,2.541115963,-10.60915922,3.790610565,-2.409345587,4.570091993,-6.068751752000001,7.270585227000001,-17.6075176,12.69679183,6.015483265,-6.142141066000001,10.92441798,-0.47098700200000004,12.59475701,17.10527923,13.60372935,14.82219801,12.69315614,-23.54968819,7.270786731,16.53554417,3.17769287,6.5026081510000004,8.41965298,21.65357535,45.51893178,2.934086433,-6.161461992,14.04602763,-9.215501973,-7.626449694,-4.0242010939999995,-17.33289774,19.27459509,-13.71521567,-12.31818008,-17.06937278,-18.61637887,7.490718906000001,14.3332783,-5.267180298,-3.2503796680000003,-2.6004962469999997,-0.370854048,3.277876303,-6.540630696,0.6558848389999999,8.271879222,11.45892303,5.861653371,-8.548598149,4.83674225,6.577906222,9.1073609,-3.16853903,0.015539397,0.395093125,1.8379035869999998,3.885883015,-4.001469696,-3.894382334,4.808899648,-6.292492015,-0.249618914,-1.837633365,-4.490884939,1.1849044229999999
231.077896,-0.21917006600000002,2.878220624,-2.302200165,-2.91783682,0.9486204490000001,-6.617951087000001,2.947416855,-0.175340601,-0.626908049,5.754580562,7.169679872000001,-4.369242116000001,-16.82082629,-7.167092403,1.546538503,13.52476786,-2.498195903,7.4016657729999995,16.38232063,8.201192501,-3.2580016819999997,4.18810115,-1.614721591,29.51343348,3.7476590180000002,-20.27195651,-15.90639927,-6.80217068,0.956634367,-18.04669236,10.66254929,28.233326399999996,29.43338073,4.69596019,4.1090622539999995,-6.80701853,-8.98345816,6.743098519,-10.71520264,-7.463344328,5.265703168,0.236524337,7.941599475,-10.126602,-2.609651331,-1.963820668,-0.204420842,-16.95342367,35.44418721,-12.09941205,19.432961600000002,-6.955076952000001,7.290518035,20.73253135,-9.265778247,-1.2057831490000002,6.21849931,6.4397029670000006,3.759309793,1.6958047230000002,1.5766063190000001,5.380168834,5.892581992,10.34576665,12.87486731,9.33198606,1.273589995,-13.3892636,-7.244476662,0.41882960799999996,-1.706530535,-2.42851899,-12.18617024,-0.49880585,-5.278775708,-8.997110544,-5.500795439,10.76149099,-5.627944744,-0.38660202899999996,6.905810301,-3.504041585,-5.707521343,-11.46363703,1.814605679
224.7364441,0.47767634200000003,-1.249213599,-0.194421437,-3.1143290739999996,8.185304742000001,-14.79950123,-3.146588748,-4.07903825,-0.758568329,0.448849303,4.77320765,6.443210443,-5.214195049,-5.379613238999999,7.762152799999999,-4.399560255,6.519829515,-3.616248143,-2.342827619,-8.839494153,5.066345934,1.557285765,12.85159552,-10.70947494,-3.0918514239999997,1.046421578,-6.1912603,-0.958832556,-3.44641624,6.32751365,-0.047006636,-7.327869914,2.8778664810000003,-6.903954444,12.96684772,-0.115590813,-11.60982815,-5.231741633,9.607090065,11.118806300000001,2.125134212,0.8476181740000001,-0.962368832,-12.67124147,5.01631217,-10.49475047,1.468350019,-1.697727936,8.15506061,-3.056635278,-1.334902489,11.79738001,-3.3985327180000002,-7.095972519,25.76004634,5.772973142000001,0.641822576,4.109230312,-0.404005943,7.17506088,5.568516562,-1.7031926480000001,-7.365698322999999,3.355769792,13.32301186,22.82203835,10.35976514,10.879072500000001,15.50650102,-7.3782051410000005,-10.317413,-7.443742031,8.705723126,25.21118965,-3.301625314,14.43346373,-11.43180763,7.034009861,2.831928842,-11.56377743,13.35427526,5.681428177999999,-27.12022185,-5.682591363999999,-29.54110589
192.7517424,1.1419962559999999,-1.397927428,-2.374098064,-21.09767415,17.38484113,-0.042021364000000005,-7.2911896910000005,-7.212162623999999,3.6927335589999997,11.583074,-4.1661573480000005,-4.8486506469999995,-1.2093603990000001,18.66591628,-19.75146162,14.9894054,-11.73938947,35.77064485,-5.262001117,39.64724041,19.65926939,8.537766151,1.336932382,11.87818709,-4.22307665,6.05036609,29.27753525,38.88894605,20.60171936,11.18778534,-1.4758371119999998,-0.249661463,-6.51712709,4.5162562180000005,-3.2421704630000003,-6.383331214,-10.75383778,-7.6094298160000005,-5.218230062,9.002259755,12.15417332,-1.585072414,4.04601465,-6.1592826810000005,1.917050872,-7.612079667000001,-16.56734808,7.193824277999999,1.9762749919999998,6.047062813999999,-3.1977986780000003,0.125549153,2.366802903,-0.588134741,-5.515288667,-7.822789993,-1.474808699,0.865924638,1.47825551,-4.625847091,-8.414825544,-2.6327212490000003,0.820285725,-8.888883255,-0.34866952100000004,0.55798587,10.4598231,4.660426121,-1.309118428,4.624315463,3.6973227260000003,-0.039449292000000004,5.905748927,4.4934434,-1.713135716,-8.548787044,-3.5656067019999997,7.476268247999999,-6.558927178999999,3.535209005,6.985081331,3.9690492539999997,-4.668452891,-1.257341643,-4.127414484
217.4736122,-0.92060607,5.044824414,-2.39203386,-13.88916505,12.38338309,-9.584799893,-9.380219738,2.45667929,15.05440234,5.290146638,3.3988841510000003,-3.513792928,-6.400835847000001,9.293534622000001,-17.17179007,12.00719771,6.958386267000001,12.07313656,3.1504136039999997,15.57539817,-1.21550333,13.61176017,-2.279896163,-18.21186417,-7.041187817000001,5.7643683679999995,7.816565677000001,-34.12862044,-23.27089725,12.74603973,9.078664442000001,-8.967431254,-0.52973903,9.476030201,-2.385316081,-1.675794311,9.576256414,-6.436290442000001,-17.38763126,3.076681755,-7.3003327239999996,22.79060229,9.74338796,-0.474389616,2.7612471210000002,12.67810796,17.84324992,4.408720405,-1.56628938,5.093543816,-6.004126659,6.749998315,2.461207187,0.15796228199999998,0.14694252800000002,1.36010692,6.231476164,-7.322583729,-0.930922273,0.208924883,20.74093552,-13.56112508,23.8534611,10.29947188,-6.056934284,23.15785813,0.46855920000000006,-17.09279606,-5.850451511,5.611041437000001,-4.961418767,-8.200394204,2.583924548,8.42093766,-7.8134860989999995,-6.329947072,0.112292764,-4.399751643,7.13007474,1.335740667,0.036989605,-3.5514962569999997,4.725587322,1.382474194,-11.63845664
228.26903900000002,0.9556357259999999,0.65617934,-2.297053809,0.039446276,4.449140495,-2.0692919869999997,-4.664503316,-7.537870377000001,2.212868924,3.1145878560000004,3.697703793,-2.9552632130000003,-0.024137889,5.004985021,5.629214925,1.791642695,-0.521773522,-3.047920532,-7.060632642000001,0.27380312100000004,9.888506082000001,4.250494794,8.509390544,-7.053697879,-8.849126523999999,-12.22616102,8.053731213999999,-11.32306527,0.12863909,-14.90882353,8.33486033,9.217762837999999,-7.703171045,5.268821147,2.3319872459999997,-13.50211997,-2.8014623710000004,1.807107829,-15.18469474,10.52108979,-3.545584677,-10.86525906,2.491766619,-5.460157956000001,28.74449668,-1.279989244,4.9958446819999995,4.102299222,12.70550428,13.38410118,2.8749005839999997,-1.940341734,-24.074480100000002,-9.654979347000001,0.942021133,-1.861436764,21.08277435,3.4976722330000003,-7.030434151000001,-20.16534518,-13.82661419,2.663470522,-5.939831387999999,-1.822990207,14.03114559,-13.80018025,-9.44642847,6.395802952,-4.748876286000001,-4.08410619,-9.701492021,2.026248645,-7.11067044,-2.511433577,36.50040044,11.70637661,-4.912287433,-2.246162005,-3.4323080619999997,-21.29331322,-6.528293033,-9.296525042,-4.564835188,13.0754288,-4.827948255
198.91825830000002,1.519891753,0.309507197,2.11625901,-5.955334115,3.932839813,-8.634929104,-5.576876612,-2.598325431,-1.091507577,1.600414286,0.93119627,-1.319739415,-7.641084854,-5.161103291,-0.160815763,0.152089303,5.8960858,0.880497904,2.611356067,-2.143843396,9.563310389,-0.7877041770000001,10.54791804,-2.7962226269999997,-1.88521711,0.717679553,-3.0973685810000005,-3.7355222280000002,5.632364311,1.056718071,1.5312954159999999,-3.4871324560000003,-8.397752414,-4.783403745,-2.04349034,-2.130000389,-2.3426976280000003,3.9508657589999996,1.536872805,-7.067298898,2.715680532,9.723774021,-13.49602922,3.9638685660000004,-0.042394057,1.369787,-8.603293207,10.00699892,-4.3193733839999995,-5.22356921,6.575362263,8.26948234,-2.639850902,-14.89422682,-16.89767879,11.51372116,4.705942885,19.43892226,-9.487434152,8.355447547,8.529632754,-6.755848733,11.99245449,-4.502477205,4.65482419,-8.410605635,-13.67688854,14.54037265,3.9703493689999996,23.189332999999998,-12.95993915,-17.26408871,3.239217081,-6.032441666,9.661810212,-8.492856247,-1.755458477,8.848972352999999,18.34263189,-7.561536677,-0.34169416700000005,10.376821099999999,-9.588155147,-15.70584382,23.44889896
241.3405239,1.040963282,0.6896872940000001,-5.106438579,-12.76655829,16.43322798,-2.817884245,12.04187301,6.4103322170000006,-49.3377806,15.17396607,9.409282833999999,27.13463165,58.15097936,-3.5374209160000003,28.43755207,7.581218375,-6.199334883,32.2873886,3.130875299,4.045894229,-1.988073664,13.71629224,-15.20383457,-7.825589352000001,6.665796567999999,-4.357423025,-12.566561,-3.5359418660000004,-13.83131023,-0.887112769,-10.26116278,-1.561098065,-4.724628142,-6.391970416,5.717608511,-6.185481545,0.545157814,-1.7033092980000002,-1.941014484,-0.144777544,4.713872572,4.6597722280000005,4.398218857,-5.768877861,-3.799351007,4.974790839,1.839787916,-8.537255437,-0.260082723,1.5272252819999999,-1.283453027,6.42413007,-2.887342105,-0.767099731,-3.770658224,3.9344652730000003,3.028299362,-1.942085482,3.4032450460000003,1.9374489019999999,-4.400824158,3.78346408,-2.6718060919999997,4.562527155,-2.732632483,-4.46691046,-0.9359738479999999,2.5429895940000002,-1.795317535,-0.22509975699999998,-5.384037918,-1.679571044,-2.3862653519999997,-2.889877324,0.440892206,-2.6721396459999998,2.845459134,0.786085776,4.370502092,1.414987292,-1.251683842,-0.7978815709999999,1.309299536,-3.2570108560000004,-2.1522993280000002
217.041773,-4.184693421,-9.826156199,-7.947274201,26.13865138,11.13880357,-1.061530899,18.54368031,-28.97360208,9.28054017,66.64616043,-52.37549197,12.14373336,-15.230994199999998,17.35288933,15.94722827,-2.83174472,10.10040906,2.5385100069999997,15.15761355,-14.31697392,-1.3462492869999998,-10.35859148,-2.342628003,-3.9045753260000002,6.952807606,10.74473895,3.6780533539999998,-0.203970385,-5.195979938,2.765896838,1.643028467,4.632099309,2.98095455,-4.099901912,-0.507707711,-6.113343795,4.906420478,-6.364702568999999,-1.091704518,1.7991047230000001,1.365664733,0.269105657,-6.38139526,-1.1572182340000001,-4.254131695,-0.372762269,2.277741172,3.035395363,4.203556162,0.43994017799999996,-5.791154637000001,-1.969131446,3.578561208,1.2467281959999998,0.90090869,3.335855069,-2.372754479,-3.400578247,1.2717984709999999,-0.530660797,3.185461705,-0.054515999999999995,-2.000446292,2.46061654,-1.2111187829999999,-3.354445024,1.238764739,2.072368886,-4.921592625,1.188487626,2.128690105,1.31885949,-3.699276236,-2.321202053,1.5289588580000002,1.91111715,1.0153510590000001,0.616582789,1.2511908040000002,-0.880900081,1.935792846,-1.123859972,1.128155425,-0.956994675,1.809213164
238.9787988,-4.963044202,0.46606987299999997,-5.29932525,-6.099297893999999,-12.84955498,-7.078555561,1.420950076,10.51587262,9.885492592,5.4582999139999995,-9.679702195,5.05422707,0.856530316,-2.962707883,2.235254535,10.51825777,-5.616862897000001,-14.15822895,-4.1590953189999995,-5.857823106000001,1.515642034,-5.143420759,-2.7060801889999997,13.66413361,2.321057,-6.560078728,2.045318906,29.38371388,-14.44585611,-23.44177988,-26.62263263,-29.48157794,8.013793922,3.41678413,16.13092981,13.52973718,-3.48307087,-12.63666907,-6.373140032,1.365947641,-5.293772998000001,11.06690697,3.177393037,-12.97967606,1.693283096,7.80497807,-2.543671851,-9.877014019,-1.886682175,4.226336137,-16.58808208,-2.8978090219999997,-12.67854472,13.35089718,0.609256166,-2.0773729530000002,24.09035507,4.737587535,-7.418912418,2.636760086,12.01152727,-6.9725368329999995,-2.2460638580000003,-21.40717407,5.842427208999999,-10.31476186,-8.105630788,-16.22071893,-4.323368085,-6.0264723579999995,-13.84483738,-1.690424029,5.259188437,12.75708846,-12.10567692,3.7835716589999997,-10.57706042,-5.6740951289999995,-5.892781601,7.563494887999999,-3.953871851,-8.257118289,6.773708285,6.155685069,1.3525322780000002
248.5408759,-2.244946487,1.457573945,-2.742625353,3.880103077,0.207118628,-4.853214347,4.797254024,5.250462869,3.5586417619999997,1.2319263059999999,-2.615920744,0.547567194,8.296212241000001,0.9126156990000001,3.082401299,-2.508157605,-15.2566254,-7.850232411,1.692583124,-3.0989466039999995,-6.4303806770000005,2.186336821,12.12569366,1.6573201569999998,7.849103332,17.67162995,-2.8418286189999997,5.775543452000001,-3.2810273430000003,11.67927657,6.366291743,1.697428716,7.970703678,-10.94733499,-15.01196053,17.7095859,-21.78572758,3.2419337130000003,5.966182191000001,5.947984002,-6.2804396229999995,-20.18575998,14.58824432,-22.40069264,-1.7415017919999998,-15.09038466,2.1378910540000002,7.892943045,-8.511809995,3.962621702,24.04548138,33.51744622,5.858868557,-2.735084222,-13.71739086,5.361031762,18.76967405,-12.59902313,-7.434663886,-12.1287772,18.42565398,14.71623524,17.41439984,-3.945401154,13.25571336,-0.334521473,-7.41133026,-6.027446938,-2.167171208,7.950464558999999,1.119185243,-3.75495035,5.135209569,-10.52990312,1.332384786,-11.51419997,-2.8475072389999996,-15.71881779,-4.830150622,-7.333190237999999,-6.8635380999999995,4.734114912,8.745105931,7.9447420310000005,0.015074701999999999
212.73991370000002,0.299374983,0.999087568,0.5800673270000001,-2.137352716,6.071695535,-9.434964089,2.972660987,1.93738812,-1.77896456,-4.561392883,4.491458188999999,2.436482371,-1.321015526,-1.9173747559999998,-0.652872922,-7.060888781,2.5457923819999997,-3.024483098,-0.024045137999999997,0.6112799839999999,5.809281423,-6.622124812000001,0.35284531799999996,-2.020570147,2.721990877,8.420297126,0.7073440409999999,0.43398952799999996,0.407707187,7.218298432,-0.302048938,8.107899739,-4.116530357,1.799794221,-27.2337017,-12.06388659,1.065026124,-1.8467757340000002,2.7532493369999997,-1.914705079,-10.97369874,4.624438522,2.157359407,10.18973425,-7.697622373,4.5865095039999995,4.691662279,-5.953465545,-1.9752562009999999,-4.381160973,0.245984065,2.336923753,-9.840081153,5.179447788,6.916890781,-4.651046132,6.525884297999999,6.171004077999999,-11.71939392,25.34895983,3.585276354,6.567798891,-9.382223461,3.207214289,-5.719036101,-11.27363956,23.74810391,-4.432118637,14.44440019,-16.90877799,-6.35385738,-4.410373024,4.897358509,9.088753619,16.15942902,-22.05753219,-26.06108715,7.319198092000001,-5.071891782,-8.71609966,12.36232198,-22.82340712,15.63467391,-4.7722609,18.27913711
188.7647619,-1.920951256,1.86791186,-1.4059177330000001,-7.496399441,1.954570514,-5.293633562,-1.4652242659999999,-4.192969925,1.6701147180000002,4.974794534,6.3339513179999996,-3.231808243,-2.8303371910000004,2.373826211,-4.083814435,-0.32502489,3.284781887,-2.308338163,1.119131712,1.4460858140000001,-0.06382279,7.054927423,3.300350908,-2.292715736,-7.5789988589999995,-0.328088312,-2.632189157,0.16028336699999998,2.679096122,-2.892155162,5.392624077000001,-1.790110064,7.576655954,-11.62327219,-1.518253645,6.234351275,2.8692111989999995,-8.904780759,7.483068182,0.131494143,-10.55517823,2.635430601,-4.043069317,-4.508010515,-6.355399529,-0.634247636,3.3780597269999997,-2.8047657139999997,2.260993757,9.351194672,-12.45937491,-13.18750669,-3.5534965639999996,-16.28892995,-13.72738241,0.504785695,12.05334326,12.17556487,14.70734016,3.4903191039999997,-19.14954235,6.575355162,4.484997388,-0.5008654889999999,-1.0918004270000001,7.232495602,10.19982478,-15.94663961,-5.491379962999999,-18.31820848,-3.9709509260000004,-25.93255765,17.77907962,-22.67551954,10.11801474,12.98359974,6.185037762,1.237845584,14.478315499999999,-5.738177359,18.20732805,-4.753120782,30.16415928,1.2700569940000002,0.867937478
231.4755921,-6.6510923889999995,0.009819037,-1.400013641,-3.1978177160000003,-3.478653642,-0.16432966300000001,-1.657969547,-3.840022882,3.139024412,-6.256148715,-3.4468398999999996,-10.45494249,8.503107684,9.351145172,0.362154275,1.238674267,-6.012658697000001,-11.86545979,-8.840316431,-14.14403036,6.553200296,2.136561778,15.18089946,4.600053945,-4.00658139,-8.476096154,-3.403924308,13.38911949,-11.79607361,-10.16169218,-4.987720209,1.9416864980000001,-1.9061473269999998,-21.5774103,-6.465774382999999,-8.922276987,8.178718691,-12.20682816,-11.09679411,20.36771818,-18.93403238,11.19203757,-8.661691569,-1.13725403,5.601982751,-2.226490463,9.596285766,-5.826381627000001,0.224518797,19.55548447,14.81021481,1.0492370640000002,7.954093941,-19.436111899999997,-18.12036125,-7.5276374000000015,-1.383117318,-9.482260164,8.968649085,5.907696716,-3.476408624,20.40399099,-11.45834183,7.151613489,-24.20183887,19.96209815,18.847267000000002,1.61672382,-7.624221856,0.640285954,2.385953963,24.21199545,-16.42717295,7.740491685,-7.157633381,-9.962905475,-4.896161577,1.252538635,-1.549335085,-4.617585816,-2.431726084,13.25737592,-6.684258337999999,-1.253341719,5.014828646000001
237.57827769999997,0.479682702,0.736188411,-1.8397032530000001,-3.203035017,2.962599552,-5.852087212000001,2.02705653,0.23947208,-2.180437431,1.311383855,-1.330155678,-8.07946144,0.779843611,1.308440021,1.6871364930000001,0.08930404,-5.089210536,-2.289401404,-11.24619062,1.864863692,-7.414774194,2.44805192,-2.8543437189999996,-10.24051258,-20.90398513,-9.146179057000001,13.56036976,-5.579407209,-10.70570347,-7.334203109,3.0170750539999998,2.402310487,-28.46277637,-4.96869855,8.428033406,-19.03656276,0.212209593,11.23307939,2.42382292,-15.72671726,1.852559359,-13.99174322,-17.40702881,-1.218612381,-2.26267194,-10.19717833,0.419353091,4.017186225,5.908626106,-17.18184068,-1.123157459,-2.112996989,-8.238051289,-20.80306883,-19.31476198,-19.14234184,2.153597605,-2.92033622,3.184588785,4.181625004,26.33325081,-2.434188303,6.175369777999999,1.399622827,18.43993278,-16.7534486,-2.893814302,-10.27406979,-2.582577257,-10.31969782,17.54671895,18.03282242,-3.167359859,6.04388378,-22.03435191,8.73641069,0.06451235599999999,4.532046983,-8.069372841,-2.441572565,4.127459784,-2.481103758,17.01433656,-16.36935561,-6.601938139
206.5680869,-1.4781657080000001,-2.227406481,2.0742740459999998,-0.7363074140000001,-6.213912327,-5.268794009,0.0287827,-5.618284986,-5.406678839,-6.942600604,-4.199682002,4.362849872,-4.587701023,-5.62851379,9.574160311,-5.616530553,-2.569507948,-7.935373437000001,-0.41429082799999994,-14.61758023,4.8096005260000005,4.77386237,10.00111737,2.159662078,-25.34734505,-0.154326507,-0.488167145,3.4859022860000004,-8.126756046,15.1815084,-5.960974765,2.116507681,-15.10390505,-1.6364834590000001,4.1411534539999995,-0.756040442,-24.84645167,16.64563799,-17.17288094,-3.4769974039999996,20.82460894,14.63195131,-19.47840756,-2.8917436519999997,-14.64305568,25.50780495,-22.0250444,-9.578697236,13.32925852,15.59248498,7.785941657,5.177798899,-7.20944701,18.51040375,-11.10904471,-10.21898724,-21.082006200000002,-13.52507874,-14.63070342,-3.769305019,-5.323530506,-6.972425974,10.53501943,-4.724888674,-16.07072384,12.59952923,-0.484615759,1.651702244,-2.883501287,0.792445983,3.9646763839999997,-8.547224773,5.188659836,-8.732470945,5.490742834,14.68872677,-10.002866000000001,-9.794748256,-4.895010171,-7.771852008,-1.178333123,-8.256304754,0.988658203,3.043839259,-1.4874383219999998
229.0431049,-8.77613206,-3.745917074,-6.614696606,28.8709978,-11.81129656,10.16307251,68.93121978,57.92875843,1.898748085,1.692172543,17.29545569,6.424041645,-20.61582271,18.13349984,-2.52134728,14.33586528,14.77703973,2.409478921,0.747105094,6.456035252,2.504358439,9.338054806,11.72706372,-11.88408642,-2.08407442,-9.208660016,4.536993472,3.1103485589999997,0.611466153,6.208922361,-4.508860642,2.10818586,-6.168659911000001,5.230941686,-2.044441083,0.798361254,3.1451520889999998,2.1551801619999997,-3.388839781,2.063296839,3.7861471310000003,0.6945516429999999,-4.558846481000001,-6.211266851,-5.049564304,-2.0430135480000002,4.207563697,1.2426643659999999,0.35702807799999997,-3.0780677310000004,-3.180409607,1.143396471,-3.1165742310000004,-1.018072997,0.47716873299999996,0.437276282,1.049122576,1.150918851,1.7162608940000001,-1.2510422559999999,-6.214305741,1.575806518,-1.7246011159999999,-1.8853586530000002,-2.4004471030000003,2.031262993,4.3101016119999995,5.037575816,0.552602319,2.854449254,1.5449402680000002,-1.16058875,-0.803685504,0.41321271200000004,3.0179812889999997,-2.126651186,-0.384044646,-2.8689323389999997,-0.8767161859999999,-2.722057796,-0.39886931200000003,5.624103731,-1.1067448690000001,-0.666903768,-0.35765072
223.9181161,90.23698123,-0.570843888,-23.96246229,9.031876503,-7.617706051,2.002107995,1.51026204,-1.917716328,1.596435737,-2.250097525,0.802125124,0.662528076,-0.272280567,-1.188064208,-0.136115753,0.99503144,-0.215190892,-0.179907715,-1.7611442480000001,-1.004701062,1.27597612,0.807294073,-0.473656715,0.9163626159999999,0.162378001,0.369856853,-0.340183202,0.5471862439999999,1.114331527,0.65091975,1.270187671,-1.648266121,-0.648083605,0.803572952,1.359341022,-0.351321428,-0.06308625400000001,-3.0341625430000003,0.40974485200000005,-0.31940579399999997,1.357918884,-0.42331431700000005,0.16833142399999998,-0.90071631,-0.909601793,-0.685829135,2.7727405660000004,-2.0034035869999998,-1.8299066480000001,2.584112372,-1.109737437,-1.330695535,0.874631802,-0.624240225,-0.61020063,0.518166111,-0.9421760840000001,-1.5867675330000002,-0.524761622,-0.07504094900000001,0.720324733,0.9109926620000001,-0.311723099,0.615427153,-0.9024256409999999,0.9981025859999999,-0.32243535100000004,-0.335515874,0.525651752,-0.426149493,0.926415082,-1.3425683990000001,-1.151132673,0.0015173979999999999,-0.6872125029999999,-1.0742316459999999,0.26656862800000003,0.798143665,-0.348757528,0.7625458979999999,-0.04869821,0.421296221,-0.20559059699999999,-0.115233061,0.735437832
223.1008835,1.096879005,-3.165174613,-0.065826857,1.732920194,7.897658454,-4.800515573,5.68477288,-5.9241345889999995,4.927810167,-1.987151544,4.7514210839999995,5.570984998999999,4.169209898,11.69860843,4.24108791,2.763657515,-3.25806394,-9.593128862999999,-2.8954800960000004,-2.212454569,-3.978032041,5.502030952,-2.814401619,-18.91908878,6.23974366,-1.762360139,-7.953615137000001,5.830563781,12.58639503,-3.8601418310000004,-0.85472458,-0.151479606,-8.341493553,9.699977062,-13.97959943,-8.583423964,-17.46754652,20.46485932,12.13365589,29.68475335,-16.06010696,-7.244769922000001,23.78502043,17.6639148,0.374033419,8.428061653,-23.57694057,7.317531574,-2.604203556,-9.266606343,3.625837923,-19.52421107,5.980447071,5.848183116,-3.227184846,17.09463579,7.549970523,-14.97405779,-15.61736465,2.954656768,-7.558612106,-19.56768188,-4.498996765,19.258606399999998,4.950986069,0.240586049,6.449633675,-9.212146889,-7.500648387000001,-2.532511539,-6.112329272,-3.882701575,-6.799766385,0.49659509,-24.02539957,15.99022513,-0.76392999,-3.922105268,-7.183454022,-8.377422546,7.8363010179999995,6.881330117999999,4.472012973,2.83799861,5.192593066000001
193.9364988,-1.013265904,0.9563153,-0.90580711,-3.741834916,5.447825356,-9.052992622,-0.81280016,-2.2525158259999998,-1.119433617,7.480191056000001,4.72707117,-1.645073616,-5.984174348,0.13936158699999998,1.355962895,-0.330278449,1.4252026819999999,-2.655346504,-6.1625582439999995,11.48979812,-6.345266851,-5.940073452999999,0.48528649999999995,13.66663301,-0.222601309,5.218291605,-3.06360411,-3.124252758,-5.474424151,-6.899615774,14.29243389,2.045049553,5.004520754,-4.590692376,-7.696449244,2.277231435,-7.423821565,23.79761458,16.73774016,0.366082798,-8.981769414,-3.4163856860000004,-5.906518393,-9.813325623999999,-1.15597873,-3.950239097,2.083374094,-24.88997565,-9.520131954,5.5180957479999995,-9.430005637999999,8.402523692,-14.19893582,-16.0115852,11.79097428,12.00551856,-13.16885882,-2.685675648,5.027652243,0.542028851,2.160856596,-4.314459598,-3.69545698,-3.841532889,-6.271843452000001,-4.113479805,10.11344314,7.587121201,2.915381783,3.1761060519999997,6.18328246,-0.315376749,-0.250253837,-9.143822777999999,-4.60621999,-7.051745188,-21.51606544,-20.21902724,-12.05614395,18.32410972,9.275476296,-10.30649607,-5.102908519,-3.045948325,-10.72870353
239.9022481,-0.160244632,1.10641769,-1.870341685,-15.01925491,-7.988559785,7.429835799999999,-6.687201562,5.3995949329999995,-2.618818139,0.697183953,-4.126008961,-1.55880701,-5.2886823519999995,-5.798052002,-3.226030483,2.064011341,4.1520627469999996,11.25217381,2.087150158,4.255617169,-3.124590197,-12.45717725,-9.675578531000001,-10.15111989,1.647619278,-2.481064796,9.124538019,5.26885651,1.7767033369999998,-3.852971742,-19.34953632,-20.11385712,-3.635040319,-14.67728231,5.561234046,1.84918842,17.46524908,3.852313081,-0.21054582300000002,-8.399436672,-6.045071247999999,-3.8338584119999997,-22.25414126,16.86793023,7.548719468,-20.68373659,1.5365962709999998,-15.51489055,6.169275098,-17.82723063,15.31763007,10.03178231,18.8005858,6.437731952,-1.359338075,21.89495733,7.530379152,3.1913431269999997,-9.933538535,-10.61697102,-6.805683158,-21.13373949,-10.68458952,2.250224152,5.749733316,25.71371822,0.844578231,-0.37808885200000003,-7.152829109,-13.46242069,15.59559179,-4.406795004,-4.597147362,-16.83657313,13.32449947,-4.258701439,-1.592907326,-9.550049636,-12.09655632,-13.76518173,3.18068879,0.863957999,2.81707817,3.076833137,-7.667532054
259.8382315,2.740483979,0.740392692,0.968232558,-3.984438702,2.834351373,-5.644083542000001,-0.709776098,-6.365601739,-4.01754293,-0.053362504000000005,9.603508892,2.159088339,-0.678838143,-1.423045254,4.187288378,-4.007361243,11.87600868,5.856854327000001,-4.295087428,3.8250195860000002,2.420032899,-4.30389835,9.10539836,-11.97613408,14.48034736,-15.72938799,8.002466112,8.141964733,-5.804726723,-1.495255685,11.56849894,5.507501617999999,16.24900301,1.7176511669999999,-3.7760898419999998,0.5843255829999999,-8.588808265,13.09992253,-18.39505406,13.59548186,-16.32233493,-10.20635917,-20.78668524,-3.961602105,12.12710817,19.08233601,8.223125032,6.722446219,19.13024832,-5.212538611,12.1029306,-6.636449052000001,-3.2454387060000003,-8.784433367,13.11919582,13.01596308,-1.815297975,-2.641520248,5.297537881,5.513755961,10.27404698,-18.38295896,-9.04763484,-17.08512506,-12.52614444,-7.722941321,-4.920254266000001,-0.5906023579999999,6.453638477999999,-0.950009697,3.069515295,11.22373275,30.86742471,-10.67071487,-0.34086622200000005,-5.219847381,15.87330651,-9.217581878999999,-1.255866005,24.77466552,-5.033414757,7.271216087999999,1.145039014,-5.485195362000001,5.26378581
242.90487599999997,5.326365033,84.29030385,34.12880965,21.08237662,1.071126628,2.409911005,-1.8263666969999999,-0.164939523,-0.522185164,1.359862205,-1.513069519,1.3801330059999999,1.8460031590000001,3.724830502,-0.15762912,-0.637993909,-1.423477086,-0.293120537,-0.46292739200000005,-0.003955953,2.429516637,-0.639360643,-0.852689591,2.742452278,1.4655190880000002,1.0588810229999999,1.78461497,-0.34835794600000003,0.46003778700000003,-0.530742629,-1.61602235,-2.3769444180000003,-1.544678037,1.2455685859999999,1.885390149,-0.783143935,1.3218822159999999,-0.838889124,-0.41158754399999997,1.618255029,1.9577634680000002,-0.131402959,0.132503025,0.996560343,-1.88419155,-1.41921253,-1.297624851,-0.15291093,0.5419373470000001,0.009060634,0.59817739,-0.6335635239999999,1.231657405,0.125064242,1.259415325,0.266897051,-0.8612409209999999,-0.393202583,-0.877094631,0.550084355,-0.7048788709999999,0.775887744,0.097283597,0.050156056,0.290444176,-0.187034758,-0.248587224,0.00672455,-0.111629899,-1.196012452,-0.399180108,0.7262178020000001,1.019137699,-1.234232635,-0.422405869,0.26893953600000003,-0.01585951,-0.262393375,1.449630099,0.9335059990000001,0.497208938,0.374302522,-0.78979826,-0.651459541,-0.566508744
262.6364883,-4.61021633,2.547622318,0.28040127600000003,-2.126184837,-6.538256898999999,2.050577101,2.7623947330000003,-3.590856379,-4.006555948,4.036853594,-4.193719997,-4.403740365,-4.104314283,-2.240561327,-7.088843291,-1.79731712,-7.898543049,-7.199863732000001,-13.66257675,2.8304180310000002,-6.987585349,-9.80059652,2.96579626,-17.12370726,-3.1441317000000004,-11.8944017,3.6365135189999998,4.948043396,-11.65146174,-21.72896787,7.991474545,2.465033233,-0.627140513,15.59159226,-11.00560187,-19.52943361,1.9198189280000002,1.094905579,14.78853937,-23.43961118,6.792964442000001,5.368285594,16.63908759,-15.76581149,17.47750672,30.76721681,-16.655076,-27.53804168,-12.84529728,9.162916675,-18.62165345,8.142333727999999,22.02035484,-8.725354762,6.645653557999999,-3.195480793,4.3918828219999995,-0.130498785,1.774467965,-8.269258756000001,1.4707993190000002,4.23147513,-7.859074196,3.6475529780000002,3.574100055,7.153581118,1.326043809,-1.004149337,7.247460727999999,12.82194442,7.676876267000001,-7.348528900000001,1.7067589930000002,-14.20583194,2.3069624380000002,-8.244950801,10.88866332,8.321385256000001,-3.896755887,-5.394657777999999,1.382000266,15.97531429,-4.737886393,5.805029297000001,2.874193004
215.72678509999997,-1.6708017380000002,0.19369812399999997,4.66602824,-4.561606813,3.2730911910000002,-10.76076243,-0.035993736,-5.900275201,-9.740328347,4.242018754,6.068160785,1.36172763,-5.480280062,-5.078812958,4.8555996530000005,-0.184397758,4.448320807,-4.954291273,5.141592992,-3.986510721,8.734649874,9.104791422,8.766864106,-8.556257911,-3.857255938,5.518005269,-2.786284771,1.404945395,1.324468816,12.07928863,14.55782773,3.279310493,-5.511947017000001,0.785797471,-2.738469686,2.212397229,14.58115016,-0.710088576,-8.141597992000001,-1.30819431,7.905686594,-15.440916,-8.352908677,3.236961903,-1.394049308,8.113746585,-8.178230886,-2.5861401269999997,-14.26822178,2.307884027,8.239501737000001,-0.839083888,5.397606399,6.358593989,16.52625914,-7.305995789,20.57182252,13.98825426,0.015729104,-14.49784355,-0.138291499,-8.329636602999999,4.36485834,-11.14765104,-3.645148522,-9.015277146,6.372465777,-8.507634182,23.59990669,-14.54176417,9.662481754,-2.642681746,-28.79341522,8.248328982,-13.86371459,-17.07228703,10.03955818,5.852673705,-5.552898427000001,0.262385914,-13.43427337,-18.51224704,-11.4295131,11.57217454,-3.2338799469999997
195.39300580000003,-0.322617396,-0.208193603,-0.382770504,-10.06376441,9.604562884,-11.73345181,0.42619183899999996,5.305950968,11.16692588,-2.44760217,5.606997677000001,-1.368644779,-8.335364186,6.135348021,-4.869748757,-1.900750481,0.154678178,10.38427846,1.685960626,9.281593058,-2.594256204,5.67018599,2.834979737,10.41909261,6.2336101610000005,9.338636858,1.4361787330000002,-14.17115896,-6.7193339860000005,3.335160028,0.363920746,-1.015580139,0.600218435,-0.235607939,5.199067881,-0.16191013,6.232639136,-0.508942337,11.25995365,-8.362952194,4.361348195,-3.989740269,3.590924315,7.690855428,7.213992832000001,1.203909256,12.38072488,-8.549134213,-10.64724457,7.713573157999999,-1.165359545,-1.344977245,-3.6081802489999997,2.940050165,14.32691898,5.522710263,-15.61919826,-27.32869734,4.271780334,-12.03196949,-16.53105267,5.7652083560000005,7.77201006,-3.496484287,-5.1723756530000005,-17.5575665,-10.56064135,-11.43968499,-17.85244089,-9.945044618999999,-22.46276986,24.61040542,-0.640497415,-4.80561452,5.337182632,13.60894979,2.8401186039999997,-0.050437069,-11.44019921,-8.201242946,3.189516152,-3.589671653,-9.876645853,-5.9110044870000005,5.642752691
223.67006899999998,19.28660712,-38.28506271,81.85030248,-1.0076536520000001,-5.371704338,4.585697068,0.784208461,4.114814895,0.654183275,2.323194434,-2.355933155,-1.5455760280000002,2.914205649,1.6172358269999998,-1.457909197,-0.201271201,-1.022183933,0.6271157620000001,1.398333579,0.44982788700000004,-1.371343714,0.568624778,-0.3237633,0.354635075,1.512102092,1.744966596,-1.09466944,-1.6197269440000002,-1.157928598,-0.968112645,-0.41781785,-1.5746376569999998,0.467394951,1.635897022,1.0226425829999999,-1.1689977040000001,1.16240347,-2.37098899,-0.879392775,1.318315334,1.6487685419999998,-0.666753762,0.808796354,-1.854357585,-0.954273872,-0.26178327,1.0516987309999999,-1.176786528,1.335104204,0.34739541,-0.013168151999999999,-1.4916617159999999,-0.072435357,-1.561201361,-0.867868423,1.4885997619999998,-0.10250991300000001,-0.247917904,-1.496301373,-0.156826192,1.011329891,1.716826919,-0.41576999200000003,-0.502928395,1.6917298790000002,0.444531348,-0.19733515899999998,-0.087143537,-1.0740523370000001,0.24133996600000002,-0.589442836,0.6837981890000001,1.057289733,0.847649592,0.322746651,-0.772234465,-0.371764541,0.35494194,-0.095461364,0.7496801359999999,1.3660762169999998,-0.205600616,0.745911177,-0.39934046,-0.35302613200000005
